Date,Cluster 1,Cluster 2,Noise Mean
2021-01-04,1.0,1.0,1.0
2021-01-05,1.0000683138337303,0.9982609213118501,1.0124401297881638
2021-01-06,1.0255146304620357,1.015173340336131,1.0535129176140712
2021-01-07,1.0252304822424765,1.0083291810751895,1.0551190687390688
2021-01-08,1.0280145792260529,1.0317507127184415,1.0440245854316386
2021-01-11,1.0157140450384925,1.0101524762531922,1.0289092943446203
2021-01-12,1.0046739105863074,0.9940916045401114,1.0329991274233818
2021-01-13,1.00637138479607,0.9898391524526255,1.0245235513654547
2021-01-14,1.0117012602492492,0.9988168243320069,1.0364086154146777
2021-01-15,1.0020677099240678,0.9917106070921289,1.0180611052197692
2021-01-18,1.002548214362206,0.9886146925582994,1.0116530589774166
2021-01-19,0.9963162568163694,0.9879298203414058,1.005613261706253
2021-01-20,1.006699719687818,1.0011297398922423,1.0153069349728223
2021-01-21,1.0063743906760632,1.0133215913712097,1.0089362611034285
2021-01-22,1.000117158189469,1.0219086650198335,1.0021766115217414
2021-01-25,0.9921932765697223,1.0058662152017157,0.9819361214972788
2021-01-26,0.9939387637751844,1.0207952875106558,0.9865156370041686
2021-01-27,0.9826315969291716,1.020381419716366,0.9697242786383428
2021-01-28,0.9799359613921678,1.002816663895241,0.9800584097191514
2021-01-29,0.9631805613195528,0.9814097777545984,0.9673092294532583
2021-02-01,0.9781040961638675,1.0024227397157517,0.9776687338039515
2021-02-02,0.9894193500903754,1.0115970271190327,0.9871354236791631
2021-02-03,0.9889240189025661,1.0014743135169057,0.9841667299907182
2021-02-04,0.989140899397936,1.0180291250094797,0.9920632228153987
2021-02-05,0.9895482165787582,1.0173570046806344,1.0012225412701539
2021-02-08,0.991737153218156,1.0220579860450796,1.0039430933149314
2021-02-09,0.9919024080755485,1.0173250709195647,1.0029958420089158
2021-02-10,0.9895834800864937,0.994492620932386,1.0014864481885828
2021-02-11,0.9952942414679515,1.006271549718365,0.997136279757706
2021-02-12,1.000848530117249,1.0154910154426935,1.0033099491947999
2021-02-15,1.0194542605597656,1.0449230877061302,1.0318557864343545
2021-02-16,1.0166761543744889,1.0352637213535931,1.0365285524320837
2021-02-17,1.0075997735557554,1.0216283915625752,1.0262611804844448
2021-02-18,0.9970831435408555,1.015730800262264,1.0072208171585322
2021-02-19,1.0001558653377194,1.0033370010789682,1.0184032831188867
2021-02-22,0.9927381011002125,1.0057479081947909,1.0298460540597902
2021-02-23,0.9927345518349338,1.0092070651107157,1.0386051472310542
2021-02-24,0.9978014802119005,0.9989798419954655,1.0503497735930558
2021-02-25,0.9920864488754084,0.9957116332555648,1.0463020259588538
2021-02-26,0.9667455916938823,0.9770881558235227,1.0244426645086337
2021-03-01,0.9852261709597123,0.9973094801546877,1.039624355155798
2021-03-02,0.9869902011695916,1.0039835275388125,1.040260293705727
2021-03-03,0.9934619916434758,1.0182635885301827,1.0584758158928633
2021-03-04,0.985534835263595,1.0352787715750422,1.0508006406269066
2021-03-05,0.9756579527597327,1.0185465845994977,1.04661465024089
2021-03-08,0.9873211053806464,1.029323753454453,1.0671031795341284
2021-03-09,0.9965547898833061,1.0365472418003405,1.0681661959855988
2021-03-10,0.9977228313290049,1.0209897297095745,1.0654868390138197
2021-03-11,1.001529332260964,1.0372559591420891,1.066087830874351
2021-03-12,1.001594879920605,1.0340709266565942,1.074161919989785
2021-03-15,1.0006721588396663,1.0381929940631212,1.0764978430311083
2021-03-16,1.0156874996948146,1.041336498126465,1.0867797611496008
2021-03-17,1.0046457705875949,1.0238820998369698,1.0871078690255283
2021-03-18,1.0080218103576013,1.0170097296072125,1.0876417906119875
2021-03-19,0.9995734540881303,1.0154713691585584,1.072520219805321
2021-03-22,1.0026109193155759,1.011884739546705,1.0633035197537735
2021-03-23,1.000486197748452,1.0188861111332217,1.0495618245766016
2021-03-24,1.0024746201888497,1.0243904009774851,1.0568507980537059
2021-03-25,1.0003130183703903,1.0338101300695133,1.0463837329502437
2021-03-26,1.0082704197294996,1.0318401507311028,1.0591943883899093
2021-03-29,1.0041636004811836,1.0306535747406371,1.0543771386412386
2021-03-30,1.0120238949108773,1.0325890970275486,1.0672113018396812
2021-03-31,1.0074907484266895,1.032320352094605,1.0582945367939198
2021-04-01,1.0176612136756946,1.050276802158087,1.0697852611112453
2021-04-06,1.0292633486415632,1.0688132413963978,1.0805235744705617
2021-04-07,1.0384065392629827,1.0772230376008374,1.0915492291086097
2021-04-08,1.0465308805534788,1.1006599460928597,1.0970821782139668
2021-04-09,1.0484855435604075,1.0948146035243784,1.0911599684355564
2021-04-12,1.0432828186484053,1.0954829059706837,1.0919547992827752
2021-04-13,1.047407731783111,1.0946784998264252,1.1003309924500129
2021-04-14,1.0487698109204238,1.1017321339091453,1.1040032451077701
2021-04-15,1.0575512471827415,1.09812109655583,1.1012387607914016
2021-04-16,1.0637767022840512,1.1019935168884263,1.1057528088422885
2021-04-19,1.0606946232426893,1.0969297387015498,1.1072103460566323
2021-04-20,1.042232650752963,1.087915048178239,1.0757837351334048
2021-04-21,1.0445878084342228,1.092084488330328,1.0790022444199854
2021-04-22,1.053511499920912,1.1027383238702626,1.0866913625900556
2021-04-23,1.0530723893142,1.0982723334536855,1.0856960756581553
2021-04-26,1.0604143968180197,1.1031915998142452,1.098467454906172
2021-04-27,1.0560325047986894,1.0928380995965794,1.0938927144730184
2021-04-28,1.0551693225553362,1.0922820289949489,1.0977345654538428
2021-04-29,1.0555509270765193,1.0837387869612982,1.0948987275943334
2021-04-30,1.057272253961352,1.0846082304367208,1.092442245286775
2021-05-04,1.0468729590671253,1.0686834357734971,1.0845258258190529
2021-05-05,1.058982633701975,1.0800273719234104,1.0998471191975154
2021-05-06,1.0633208377344787,1.083855304149566,1.1054568645295038
2021-05-07,1.072446278746674,1.1021978600895095,1.1184922614002444
2021-05-10,1.06817774862035,1.0865173130406642,1.1200682884604496
2021-05-11,1.0395094562600156,1.0530126976664331,1.087009508267046
2021-05-12,1.0419481275678888,1.0508511053001035,1.0938263070573222
2021-05-13,1.0396564854900925,1.0541987921008318,1.08694916148951
2021-05-14,1.0538883354609119,1.0782263674829948,1.1047584332913845
2021-05-17,1.0487871771188522,1.0682595004420972,1.1017828737741824
2021-05-18,1.0503333593718198,1.0825038136938903,1.1055259235090205
2021-05-19,1.040035773040901,1.0672722300732018,1.09663640033505
2021-05-20,1.0529087433600808,1.09640028294425,1.1015638290081082
2021-05-21,1.0511836999713935,1.0934498715889067,1.1053461361840915
2021-05-24,1.0564113569941302,1.106666682629075,1.1131929407447916
2021-05-25,1.0552051632943447,1.1126997333776687,1.1102528699693897
2021-05-26,1.058173381703926,1.1170091296614528,1.116874594992173
2021-05-27,1.0562834993977994,1.1042095310619549,1.1265831226315255
2021-05-28,1.059006889485556,1.0965840162452867,1.1236584126168094
2021-06-01,1.0693226272078364,1.1043310617173636,1.1304071721011741
2021-06-02,1.070743828646786,1.100710674584024,1.1366809646343528
2021-06-03,1.0637700643079782,1.093874705379015,1.127728282427387
2021-06-04,1.0657612849845066,1.0972008489201317,1.1229331509591705
2021-06-07,1.0696264992794486,1.0954911559618414,1.1293813614801027
2021-06-08,1.0742678094802671,1.1024354731263941,1.1279641789871209
2021-06-09,1.0682429626797267,1.1118433899484064,1.1233098490393896
2021-06-10,1.0668633712597981,1.1019333443044732,1.1192373381645182
2021-06-11,1.0741155795170945,1.1121330707988273,1.1277721638861222
2021-06-14,1.076269587970203,1.1164232702526602,1.1103358151401228
2021-06-15,1.0779139243467342,1.1253122205357167,1.1088127848262115
2021-06-16,1.0810822499757595,1.1329806896493972,1.112042057565497
2021-06-17,1.0780405813565057,1.1347967747467138,1.1107503607750218
2021-06-18,1.0592772187711992,1.1141487960710286,1.0892589228892982
2021-06-21,1.0681710983655195,1.114945975811364,1.1010402456707693
2021-06-22,1.0746063912024624,1.1160780724211024,1.105402915270195
2021-06-23,1.0698662523278843,1.106204412813612,1.1036606474058623
2021-06-24,1.0708514620646512,1.118438297020475,1.1013664636765763
2021-06-25,1.0744411551282733,1.114186696322165,1.103998565544199
2021-06-28,1.0665776013361665,1.1076530855534197,1.0874557163647949
2021-06-29,1.0676492953031937,1.1009838771475862,1.0862796347696941
2021-06-30,1.0590279563158986,1.1057120430187177,1.079884779425742
2021-07-01,1.071268159749132,1.1280554389037913,1.0992536514393905
2021-07-02,1.0741513087750525,1.1347933660850336,1.0998466915498668
2021-07-05,1.0808747814958417,1.136209788212349,1.115873540716198
2021-07-06,1.0766254327349,1.1362966571609632,1.1010929400590173
2021-07-07,1.0856910919113993,1.1402790136938041,1.1032069045143116
2021-07-08,1.0659188780347992,1.116169427197686,1.0881383216238498
2021-07-09,1.0805753436410022,1.12802479100911,1.1060995129395972
2021-07-12,1.0824016293561374,1.1279086679806738,1.1039478569701662
2021-07-13,1.0859330581358888,1.1338257169739732,1.0984716064846896
2021-07-14,1.0797158044243134,1.1245575182189234,1.0950289979248027
2021-07-15,1.0683483877061328,1.11294745255553,1.0821106752853396
2021-07-16,1.0696167891028447,1.1214825214147235,1.0775126947285236
2021-07-19,1.0457834871614557,1.1000574045294969,1.041116268272915
2021-07-20,1.0520299661968466,1.1001173847282217,1.0507837614349087
2021-07-21,1.073415698936303,1.1212524604882323,1.0772977892438695
2021-07-22,1.0781486691255573,1.130035988591272,1.0741912257863402
2021-07-23,1.088132550949031,1.1350569658600465,1.0848788083951697
2021-07-26,1.086401111830451,1.127490189212426,1.0941756124099358
2021-07-27,1.080618188667602,1.1256092573235223,1.09132346410579
2021-07-28,1.084387336761333,1.1282268766115753,1.102015900843515
2021-07-29,1.0873854287546685,1.1509591391109313,1.111181944630629
2021-07-30,1.080867441705046,1.150699711982515,1.09512364032708
2021-08-02,1.0885367160693014,1.1573765849756794,1.1058747283555452
2021-08-03,1.0874713470445616,1.1547586877857294,1.1116529129228856
2021-08-04,1.093946694400821,1.1646202231916356,1.1170099994573357
2021-08-05,1.0980463029077168,1.1734168712242603,1.1254067417017275
2021-08-06,1.095735317845249,1.164425146951104,1.131544825359086
2021-08-09,1.0955366019157387,1.1626009278322478,1.1282116751814544
2021-08-10,1.0997712208971537,1.156774486967975,1.1356847837370647
2021-08-11,1.1093935490345443,1.1629189200505248,1.1447045237428868
2021-08-12,1.106473361549645,1.160833520802404,1.1420237120514172
2021-08-13,1.1104516343845128,1.166913514786109,1.1441159822951668
2021-08-16,1.1022639916217898,1.16126577849305,1.1375025858947487
2021-08-17,1.100674490601655,1.1659545867132104,1.1364371092425984
2021-08-18,1.1010302830671668,1.1693878108505007,1.1351075646739988
2021-08-19,1.086558892454298,1.1636405510082297,1.1177481926943071
2021-08-20,1.0931122689742914,1.1696507095149986,1.1278924817313496
2021-08-23,1.0963168698388093,1.169286378142166,1.1339209764760976
2021-08-24,1.0985233045233584,1.176788454446269,1.14525486247684
2021-08-25,1.1008100872759967,1.1796052285302217,1.1520544098041925
2021-08-26,1.0962502008083213,1.1800932779363948,1.1499668560060519
2021-08-27,1.0985072876685558,1.1810201339333923,1.1543982362597656
2021-08-31,1.0979140553488533,1.1810847525699548,1.1495950391681056
2021-09-01,1.107967593515503,1.1919959742408068,1.1536886920449023
2021-09-02,1.1062012301438153,1.1886286870939282,1.1540241791615649
2021-09-03,1.1040368770574287,1.182538437987087,1.1484605721400896
2021-09-06,1.1098504483657836,1.19049342512929,1.154447917795379
2021-09-07,1.1047169753000776,1.185568679728898,1.1462156478708148
2021-09-08,1.0955567354203906,1.1755577082335147,1.135781081889447
2021-09-09,1.0899337110666159,1.165713490849379,1.13296410172655
2021-09-10,1.0910250323925716,1.167485996835688,1.1310865723909567
2021-09-13,1.09183232298112,1.171957164284141,1.141754184363036
2021-09-14,1.090507660463037,1.1669052622945126,1.1344118960851621
2021-09-15,1.0822942147234416,1.1595373744993678,1.127232185154031
2021-09-16,1.0901951111774197,1.1798239687324272,1.1340000791603821
2021-09-17,1.0799056122292996,1.1758305682740595,1.137723223562003
2021-09-20,1.0656330790604793,1.1773121939719158,1.1259228646945403
2021-09-21,1.079120848867107,1.180626777975611,1.1390938218215114
2021-09-22,1.0921157633947909,1.1854168728217376,1.1596697286813653
2021-09-23,1.0884900920318485,1.1863203338209416,1.1663718980065085
2021-09-24,1.0756046343693482,1.1829298135522672,1.1667195633131546
2021-09-27,1.0678280054188838,1.1828733828693665,1.1851717493003218
2021-09-28,1.0511181937735676,1.154532483727228,1.1732065795803077
2021-09-29,1.057082130699404,1.1678225607299468,1.1850093881535206
2021-09-30,1.0498286379720358,1.161973674491757,1.1815456794404644
2021-10-01,1.0441488474443208,1.169317548613196,1.179260675376689
2021-10-04,1.0362945641812735,1.1518914237690436,1.176998645252072
2021-10-05,1.043306051566479,1.1684878386072568,1.1901322695442935
2021-10-06,1.0279724750162962,1.1504581163687821,1.1746206302257396
2021-10-07,1.0394761179035161,1.1603246304283816,1.183000371787363
2021-10-08,1.037460700640375,1.157279681143221,1.191348200278561
2021-10-11,1.0371301151626164,1.1579004654136922,1.2030398398235846
2021-10-12,1.0369639761171454,1.1494345625691436,1.2011363365595074
2021-10-13,1.0451366082798832,1.158564756799673,1.1991539551373456
2021-10-14,1.0562792097303588,1.1667548134201962,1.2127985856571093
2021-10-15,1.0560897024468825,1.1633462522177906,1.2226249410268508
2021-10-18,1.0490897920092181,1.158499530932726,1.2170597116067012
2021-10-19,1.0548983034108212,1.1619096401787379,1.2140566491136338
2021-10-20,1.0550803493289185,1.1593851632317755,1.214820513015353
2021-10-21,1.053203521426751,1.1688746219923263,1.2046353921161348
2021-10-22,1.0534614637273572,1.1663495649528635,1.203476469913443
2021-10-25,1.0557434145779185,1.1604901343954257,1.2080940902708444
2021-10-26,1.0649135555274263,1.1777717773642074,1.216171750102013
2021-10-27,1.063644635938898,1.1854634963697155,1.2107981728274329
2021-10-28,1.0625666052946554,1.186397676763321,1.2168624220732653
2021-10-29,1.0596290643465711,1.1901966024177577,1.2151239624597527
2021-11-01,1.0666419979049873,1.1939807217416123,1.2275986517635002
2021-11-02,1.066046738945448,1.2044526229879844,1.2192368442518835
2021-11-03,1.0643736570929196,1.2042571228905483,1.2188161649426483
2021-11-04,1.0794254343384075,1.225324278199766,1.2195051123609935
2021-11-05,1.0828988994928122,1.2373622671762436,1.244442605004038
2021-11-08,1.0805199992515935,1.2243411920087859,1.2437981070197799
2021-11-09,1.0761507945056434,1.2248599119830033,1.2373066410361757
2021-11-10,1.087624382006185,1.2362116960741731,1.258409293325027
2021-11-11,1.0959143998246776,1.237376073261516,1.2700143691659913
2021-11-12,1.1002807497917717,1.2333461237577965,1.2635120140849483
2021-11-15,1.0987846664889274,1.2240260522981365,1.2657818739021849
2021-11-16,1.0976630088376387,1.208584960156924,1.2646116733667543
2021-11-17,1.0880331004122346,1.2510061322283366,1.260374459483462
2021-11-18,1.090819036863014,1.251990331421723,1.2603226155657339
2021-11-19,1.0885547616468256,1.2420667730433899,1.2479107563020229
2021-11-22,1.0893355611120226,1.2343588238228105,1.2571900917479808
2021-11-23,1.0815018663785296,1.2447142891181502,1.2524975595576953
2021-11-24,1.084631929157368,1.2396420677205529,1.2516853180192717
2021-11-25,1.088185645974713,1.2541808775640477,1.2590285574473916
2021-11-26,1.0566603740117877,1.2104929065827055,1.1914029526928986
2021-11-29,1.0661036494603693,1.235235765312807,1.2065187263851338
2021-11-30,1.0527294957381035,1.2167395770749907,1.1985414289205008
2021-12-01,1.0694398279505386,1.233635218295747,1.2210328487604005
2021-12-02,1.05843570944417,1.2314246504104005,1.214441315510713
2021-12-03,1.0594922065044394,1.231845268027528,1.213049300559525
2021-12-06,1.075132249614831,1.2480525369775157,1.230733564786677
2021-12-07,1.0918335612833123,1.2755737391730235,1.2475092000027768
2021-12-08,1.0911945680149464,1.2755947299241888,1.2400186427359154
2021-12-09,1.0903242691367816,1.2782490411094987,1.2321711848681174
2021-12-10,1.0838452971210337,1.2734062314558974,1.2260025270336667
2021-12-13,1.076156994231374,1.270606997427101,1.2076964977154316
2021-12-14,1.0670387123392284,1.2550034790730578,1.206561435056751
2021-12-15,1.0619736615694797,1.2610219717171294,1.1961116022353997
2021-12-16,1.067538169297755,1.2659294243398371,1.215777961313306
2021-12-17,1.0716797622224516,1.2637033894930525,1.212196876562871
2021-12-20,1.0601671986440806,1.2639028034688247,1.2011272604093697
2021-12-21,1.0740231250878631,1.2741315960179278,1.2229236878986334
2021-12-22,1.0836107749880897,1.2919928204567999,1.2354137146655977
2021-12-23,1.0886859076648452,1.3025073220745949,1.2441452611409798
2021-12-24,1.08917660964685,1.3107622008322979,1.244486019008033
2021-12-29,1.100353302304786,1.3182111524662687,1.2586708040741073
2021-12-30,1.0994521419785197,1.3188652400164884,1.2585228093520144
2021-12-31,1.0966515899852105,1.3201312633889408,1.2571398246917693
2022-01-04,1.1082706829319464,1.320383244903684,1.2935385381935944
2022-01-05,1.107697151308836,1.3160794662234307,1.2993181640938891
2022-01-06,1.0919761961699033,1.2848975229138235,1.2940220555028021
2022-01-07,1.0918819749460587,1.2845365843362941,1.3025562655075773
2022-01-10,1.078305131948112,1.2672508980714867,1.2953320402759763
2022-01-11,1.0828017207824987,1.2745150824882043,1.299311703434901
2022-01-12,1.0853145302935108,1.2802626229321936,1.3061072357612484
2022-01-13,1.0794197280167956,1.2630827006385867,1.3078040932962753
2022-01-14,1.0678855659131357,1.268405428295985,1.3059402524836419
2022-01-17,1.0787559842983057,1.289317065533557,1.3161321691808747
2022-01-18,1.0708506829445406,1.2770580603101849,1.3091571010962857
2022-01-19,1.0759782902478023,1.279187878737894,1.3080794859436435
2022-01-20,1.0795593763199154,1.288120380088142,1.3026131664812803
2022-01-21,1.063168203774228,1.2692100415443408,1.2812500747158317
2022-01-24,1.0309673659772427,1.235462305946747,1.235140263769994
2022-01-25,1.036292455785486,1.2330107985753216,1.2602650957443882
2022-01-26,1.046159895959934,1.2189427739883085,1.2801033404886302
2022-01-27,1.0512036986708622,1.2157061776946823,1.2839654189639367
2022-01-28,1.0445649148082934,1.2129627889128776,1.2631792483491393
2022-01-31,1.052676357863369,1.2292811975036508,1.2694700530579186
2022-02-01,1.0584801860765203,1.2255106485397087,1.2917689721279517
2022-02-02,1.066424562069248,1.2384971471468764,1.30057124225259
2022-02-03,1.0513815392062187,1.235113743453253,1.2939565214332955
2022-02-04,1.0397117525242596,1.2390429681830348,1.2825898484906648
2022-02-07,1.0424006701771351,1.2431168418883392,1.2930711892630664
2022-02-08,1.0435016219496096,1.237321212665486,1.289897542755733
2022-02-09,1.0581146290602146,1.2589154183469098,1.3076574889763046
2022-02-10,1.0612156108327102,1.248746087652868,1.3136128993826381
2022-02-11,1.0537545250579867,1.243456858836532,1.3096743358759717
2022-02-14,1.0376848178191498,1.2294627214612917,1.2828361735216949
2022-02-15,1.0487910669505895,1.2447597454863117,1.300406380780397
2022-02-16,1.0462698032730315,1.2360146971885915,1.2995550585572704
2022-02-17,1.0356200505473294,1.2239383642011301,1.2862916070612103
2022-02-18,1.0319845298836685,1.2123439312867006,1.281713770775751
2022-02-21,1.0214008438095576,1.2071857812793214,1.273611980045663
2022-02-22,1.022999136956574,1.2182395631369174,1.2786801634341756
2022-02-23,1.0205984401085886,1.2103095128728636,1.2764218471714757
2022-02-24,0.9868314783890095,1.1832282066065907,1.2151391552333382
2022-02-25,1.0226327607642538,1.2205625292728985,1.2654142060803777
2022-02-28,1.0261072392912738,1.22720138770441,1.2626243768208996
2022-03-01,1.0014978926804181,1.2182856141307867,1.2262138661880848
2022-03-02,1.0119032289226082,1.2382457324867862,1.2443616478503576
2022-03-03,0.9835384204080649,1.2001885619428023,1.205921034297655
2022-03-04,0.9486223867621084,1.1650875726894163,1.1587534191398392
2022-03-07,0.9379220353941582,1.1546818632039881,1.1493314331809317
2022-03-08,0.9319170136414305,1.116500293539882,1.1687147925776917
2022-03-09,0.9738863531948666,1.164925835731088,1.2082630530115426
2022-03-10,0.9624776101637414,1.1496880414718984,1.203351974358752
2022-03-11,0.9737100567928141,1.1641860199090015,1.2127988958096232
2022-03-14,0.9866692030384866,1.1737854614148489,1.228129596883973
2022-03-15,0.9852889997245202,1.183622051351138,1.215297536907628
2022-03-16,1.0114102556875777,1.209235129655269,1.2364468744744757
2022-03-17,1.0194149864904074,1.2247538890381222,1.2479836732276626
2022-03-18,1.0263664457177464,1.237420048062021,1.2488562768969553
2022-03-21,1.0232412280301562,1.2231186745784208,1.2593754208888623
2022-03-22,1.0261804101978986,1.229058233959017,1.2653476838344166
2022-03-23,1.0127880526093305,1.2225565275422896,1.267124273708521
2022-03-24,1.0117457133847418,1.2182423947376304,1.2685613106192895
2022-03-25,1.0130857697577684,1.2144985554334722,1.2694406422851954
2022-03-28,1.0180080909369635,1.2210921934230066,1.2598096204136442
2022-03-29,1.0383622715167096,1.2469333242219192,1.2728404657646557
2022-03-30,1.031111867062925,1.237293256578302,1.2690972096980493
2022-03-31,1.0212389297725226,1.234015127245294,1.2563226467652393
2022-04-01,1.022939777160355,1.2269253185114362,1.257868925942695
2022-04-04,1.027345233688082,1.2504465954523034,1.2621817397185913
2022-04-05,1.0314686620451174,1.2619735572470032,1.2629448664484018
2022-04-06,1.022635498899582,1.2544240695807938,1.2534021469821421
2022-04-07,1.0164765481257443,1.2590753491375255,1.2497340489975848
2022-04-08,1.0240756101283692,1.2589002414411008,1.2681698439487996
2022-04-11,1.017354658312385,1.2493324797766965,1.2667894147713148
2022-04-12,1.012532532994623,1.2465333070877171,1.266904091972078
2022-04-13,1.0099720372190024,1.2501101963309995,1.2687406975040798
2022-04-14,1.0154493066570114,1.2633718488777186,1.2750328386014862
2022-04-19,1.0100631299347924,1.2524643791916301,1.27476868266591
2022-04-20,1.0166353856165136,1.2635780400471983,1.281943631509204
2022-04-21,1.0201842656016384,1.275913116868928,1.2862504772615617
2022-04-22,1.0070333188817386,1.2623190924480474,1.2638946353534224
2022-04-25,0.996088752889221,1.2640779387756165,1.2350943340834657
2022-04-26,0.990239323525207,1.2534210297982253,1.2290699501054638
2022-04-27,0.991305370566181,1.2518986837449557,1.2333214214403694
2022-04-28,0.9977006418825077,1.2747033874024662,1.2540974452841742
2022-04-29,1.0021715563887668,1.2691519342197422,1.2577101835764277
2022-05-03,0.9944492036961682,1.2587311036182178,1.2691734202414486
2022-05-04,0.9797770643786432,1.2450539432779073,1.2600965768416417
2022-05-05,0.9784669499575692,1.2502262295665785,1.253870960687541
2022-05-06,0.9566076885214964,1.216549703877507,1.2371086306755876
2022-05-09,0.9334213198832011,1.1825783235193381,1.2062363297473542
2022-05-10,0.9378508282554899,1.1817578876295902,1.2061189557704828
2022-05-11,0.9497980670481162,1.2115984122592043,1.2280729998091522
2022-05-12,0.9426354368489184,1.2055879650366828,1.2081667961414417
2022-05-13,0.9659096692491513,1.2498937887190904,1.2351872668276374
2022-05-16,0.9684611654759268,1.2480013004451562,1.247598747221012
2022-05-17,0.9761725748783587,1.2294292230263608,1.263043282579626
2022-05-18,0.9648051806476429,1.207029552585241,1.2594323668727148
2022-05-19,0.9461667841308041,1.1908092022861687,1.2371850347154083
2022-05-20,0.9573954967953084,1.207500319384912,1.251390783801137
2022-05-23,0.9708808626554166,1.2215856473402285,1.276385449627253
2022-05-24,0.9614834254517008,1.221124385338439,1.2698374399835979
2022-05-25,0.9658638475916068,1.2182952501233146,1.2811453208796275
2022-05-26,0.9750207358915629,1.221279147391081,1.2959509265846367
2022-05-27,0.9801099693549395,1.2366246013566888,1.3017328107723485
2022-05-30,0.9882934390364111,1.239776444608632,1.3042088422646596
2022-05-31,0.9816685694136437,1.2206679362132766,1.2991927809111201
2022-06-01,0.9712210307938987,1.2043661170295006,1.2985091837478366
2022-06-06,0.9840922591074821,1.2224400425560689,1.3179968052223012
2022-06-07,0.9768529883729903,1.2168417956758288,1.3136119679306661
2022-06-08,0.9751701398804312,1.2051767822314747,1.3026101006240993
2022-06-09,0.9617437951942827,1.1960816405477857,1.284988759957641
2022-06-10,0.9414908818604012,1.1746069190990966,1.2559240239465008
2022-06-13,0.9233649009198721,1.1466618844126628,1.2304724612438784
2022-06-14,0.9131610392857448,1.1281240314844525,1.2332545420414671
2022-06-15,0.9320953801181066,1.148886327099537,1.2466364224348823
2022-06-16,0.9035766889676224,1.1247475652144285,1.1993158189609234
2022-06-17,0.91094569356063,1.1482910368625745,1.1999250733795395
2022-06-20,0.9153793668488274,1.1508240021075338,1.225785429494176
2022-06-21,0.9160762668060581,1.1526376215428138,1.2291742071263512
2022-06-22,0.9120188227166329,1.157605163383147,1.2179543111052935
2022-06-23,0.9013735156670042,1.1464657108587328,1.1976918517591462
2022-06-24,0.9258378113962386,1.184478987243318,1.22156082364809
2022-06-27,0.934313270364488,1.1905267791529053,1.2295211256551506
2022-06-28,0.9393569105473714,1.184197729618521,1.246114318836163
2022-06-29,0.9282898322567442,1.1822867332419733,1.2353580227305445
2022-06-30,0.9104643761203398,1.177526036452857,1.2111637109512967
2022-07-01,0.9126508000235809,1.1861077770798267,1.2108026961741318
2022-07-04,0.9156159723990532,1.190627633120193,1.2227706871278112
2022-07-05,0.9003153578495638,1.1744844702954813,1.1755366625185943
2022-07-06,0.9176560010314584,1.208164550931558,1.1838186742058858
2022-07-07,0.9260558178747312,1.2093466858391302,1.2130142638644381
2022-07-08,0.9299204886390391,1.2162338196660887,1.219148680672687
2022-07-11,0.9262543296443433,1.2287754654464258,1.2191422552611395
2022-07-12,0.9315514353428836,1.2358511998560548,1.2244482910079137
2022-07-13,0.9240779203899375,1.2347945513968182,1.2172720116329043
2022-07-14,0.9111061894788434,1.2331535036407317,1.19267153649579
2022-07-15,0.9237024686940827,1.2530925925213243,1.2205135150811488
2022-07-18,0.9320182581939633,1.2517086101864232,1.236987042911974
2022-07-19,0.9442683549406947,1.259021125443888,1.2551455414772963
2022-07-20,0.9455138677986107,1.2646868624705105,1.253533367029927
2022-07-21,0.9562151614490503,1.2777925403490857,1.2547647472834553
2022-07-22,0.9592614045896886,1.2815211968083668,1.2595935733078525
2022-07-25,0.9561540976720876,1.2738847673316707,1.2699375520109166
2022-07-26,0.9457359171773478,1.2814852146294564,1.2633436928100907
2022-07-27,0.9510299894697526,1.2923822980723,1.2775975533079549
2022-07-28,0.9576797324275539,1.312100971596885,1.2716224633106548
2022-07-29,0.9710543287703178,1.3110294424349032,1.28910573612912
2022-08-01,0.969219772842219,1.3192490802553365,1.2937634733615486
2022-08-02,0.9626579558888502,1.3154629513236162,1.2950973278448914
2022-08-03,0.969141368031061,1.3327223797798444,1.2955826774363706
2022-08-04,0.9751162853459303,1.333993139729105,1.2941915084558704
2022-08-05,0.9656919967971439,1.318037093659329,1.295333823712749
2022-08-08,0.9744933404910876,1.3247310853180376,1.302470700951548
2022-08-09,0.9648778235696093,1.3230196719693925,1.3075299559910443
2022-08-10,0.9834519069522615,1.3342349011059496,1.3139163154326492
2022-08-11,0.9794082282867997,1.328934225146167,1.3060319711310642
2022-08-12,0.9815721133950729,1.3256499282422256,1.311427824575937
2022-08-15,0.9854557414795843,1.3350392326796954,1.312709911017224
2022-08-16,0.9848962722474031,1.332942050197569,1.3230310155216276
2022-08-17,0.9730708939658368,1.3294835405389014,1.3202372234019442
2022-08-18,0.9753485385904874,1.3440137791258886,1.3276255141028508
2022-08-19,0.9668356704732981,1.3432339087085825,1.3215485270836245
2022-08-22,0.9540309771298157,1.339229555422824,1.3169655555815463
2022-08-23,0.9421312404868623,1.3013770186725138,1.3147281993149111
2022-08-24,0.9400573792127865,1.3113268372126914,1.3095947553756622
2022-08-25,0.9362724772043041,1.3144486287045762,1.3076676341911704
2022-08-26,0.9248213979367469,1.2912727998847775,1.2951943507029462
2022-08-30,0.920143941293223,1.2818145468210627,1.274472617170397
2022-08-31,0.9137856511688406,1.2737511014254956,1.2649171567574735
2022-09-01,0.8891632725452582,1.2515349508917604,1.2359096957249927
2022-09-02,0.9089366063293837,1.2641861629569977,1.2651073497457324
2022-09-05,0.9045899646119586,1.2583199744550566,1.2669100006361569
2022-09-06,0.9137467421765398,1.2672334106804293,1.2807180868608663
2022-09-07,0.9095617730040207,1.2794498919778163,1.2709586954016454
2022-09-08,0.908512886424717,1.2952805683902142,1.2771419638915198
2022-09-09,0.9236962618702667,1.3073642871686164,1.2989590224534622
2022-09-12,0.9411722624628791,1.3211843341978466,1.3261845484468273
2022-09-13,0.9235845961210176,1.3090016975316372,1.3117956105215165
2022-09-14,0.9058292467677382,1.2881371584042722,1.2922557848580603
2022-09-15,0.9065255222279348,1.2880914478252168,1.2943293177130892
2022-09-16,0.9012706011842687,1.2740633164769155,1.2822486983277035
2022-09-20,0.886818481628865,1.2600325806896702,1.2754245185406425
2022-09-21,0.8947951678148793,1.276268966021371,1.2833876428127826
2022-09-22,0.876997059528065,1.2417826808916406,1.2721920970952862
2022-09-23,0.8605477196507627,1.2312803705149162,1.2375030042711954
2022-09-26,0.8556592817754639,1.2507040774851204,1.2298349960005561
2022-09-27,0.8396540433226682,1.2482686006879469,1.2277240236397138
2022-09-28,0.844943085931094,1.252699127458098,1.2206138672644355
2022-09-29,0.8183687661858495,1.2371252995346775,1.1939386720380234
2022-09-30,0.8316023788340341,1.2393595618912674,1.1993147542453964
2022-10-03,0.8373573691438084,1.234961426253496,1.2055444670540032
2022-10-04,0.8600720355189174,1.2716066358778269,1.2425158665140226
2022-10-05,0.8492827876811141,1.2709200749168479,1.2327929065882524
2022-10-06,0.8477524755018083,1.2665530786043782,1.2190058212336228
2022-10-07,0.8364149864166271,1.2482115167198258,1.2183768829007073
2022-10-10,0.8376571602451115,1.2421192844360196,1.2110379191566212
2022-10-11,0.8276126625968082,1.238817763453196,1.1972288452943414
2022-10-12,0.814947789608304,1.2294374585799572,1.1782104584960984
2022-10-13,0.8232320799355293,1.2222153912428801,1.2002584371947864
2022-10-14,0.8294437345109006,1.228245468330001,1.1994983037575617
2022-10-17,0.8442173094207874,1.2410667195317118,1.217582341721531
2022-10-18,0.8492994023644076,1.2524564060100885,1.2177213134858258
2022-10-19,0.8412886209899646,1.24727488308104,1.2103040714754338
2022-10-20,0.8450745105973755,1.2464725572813025,1.2134652923850529
2022-10-21,0.8408906698965274,1.2534922165215059,1.2116982499338211
2022-10-24,0.8533013046140989,1.2703469210178533,1.2246592365576823
2022-10-25,0.8676435347556416,1.2906633838048884,1.232130318246811
2022-10-26,0.874292214632982,1.2988677261294903,1.2431526719776385
2022-10-27,0.8727097806107371,1.2886261398097185,1.2381859819311387
2022-10-28,0.8661287107541107,1.293996491076206,1.228706267948917
2022-10-31,0.8687552391115004,1.2891168737237093,1.2391513233353468
2022-11-01,0.877960086059389,1.2827468338286523,1.2633417005563237
2022-11-02,0.8732608422073803,1.281457129701627,1.261822206314149
2022-11-03,0.8696820212772309,1.2859192292726156,1.2679754029436232
2022-11-04,0.8867762631934446,1.2901537228915434,1.2921733478827533
2022-11-07,0.8895750143491298,1.2799475966372014,1.2897018072666562
2022-11-08,0.8975676272370341,1.2899429589874807,1.292059951942922
2022-11-09,0.8991023495493004,1.296469496224953,1.29065943168102
2022-11-10,0.9288557937358237,1.3243500311363812,1.3087232359109384
2022-11-11,0.9295336913760072,1.274610701431189,1.2997569938505529
2022-11-14,0.9330367331295211,1.2819442514724684,1.311485638441121
2022-11-15,0.9287239011373774,1.2928418755713764,1.3092422541707072
2022-11-16,0.9195456169169042,1.3294597898561304,1.2989169834845085
2022-11-17,0.9171192940643131,1.3165799852916524,1.3125354867214798
2022-11-18,0.9286733757577862,1.3236458944994463,1.324488195553191
2022-11-21,0.9296437311775058,1.330542813685304,1.3236072516028297
2022-11-22,0.9321674780638909,1.3238248537441137,1.3390373560184847
2022-11-23,0.938357545721854,1.3327342504958624,1.3447559338319206
2022-11-24,0.9413629813038581,1.3307884114628852,1.3534028974423746
2022-11-25,0.9409028426463756,1.3359544445215572,1.3541084110197583
2022-11-28,0.9331761725627024,1.3415368934269416,1.344923924850804
2022-11-29,0.9288331124514233,1.311940464925667,1.356983473371403
2022-11-30,0.9297792789238958,1.332163673455301,1.3665038268822776
2022-12-01,0.9370729250331334,1.3433024552191828,1.3610839375281005
2022-12-02,0.9389405049769571,1.3403859651942442,1.360889914526053
2022-12-05,0.9370021537365487,1.3374875354326734,1.3594843178787808
2022-12-06,0.9290255956475922,1.3330240359188084,1.3578896704324075
2022-12-07,0.9250530598770289,1.3405933512135506,1.3446311044329435
2022-12-08,0.9190674768016441,1.3308278250420387,1.34480782361121
2022-12-09,0.9239987257065859,1.336860212106864,1.352496472343089
2022-12-12,0.9171490774849907,1.336028076660277,1.3443393741927983
2022-12-13,0.9293426381967118,1.3395413281361603,1.3514487881074762
2022-12-14,0.9293931952505073,1.3487132200937086,1.3472490190158313
2022-12-15,0.9187124074047676,1.3328988882364585,1.3351783905914163
2022-12-16,0.9036505005235898,1.3235953298191474,1.3182022213033568
2022-12-19,0.9033762989535399,1.3228051039287325,1.3259744717488158
2022-12-20,0.899449900711831,1.307710672627972,1.3353342364088818
2022-12-21,0.9164212432597061,1.3236382940956275,1.3559433964124543
2022-12-22,0.909412071101551,1.3188244268835458,1.3501045152068019
2022-12-23,0.9109398733756101,1.3157919190544283,1.3537157272843692
2022-12-28,0.9149520349266702,1.3187399085946503,1.3587187565040328
2022-12-29,0.9192020187528867,1.3227278795030226,1.3619571564273778
2022-12-30,0.9114636171902489,1.3101107629624034,1.350613643438713
2023-01-03,0.9236067266858594,1.320430620248252,1.366085396014216
2023-01-04,0.9399455094433196,1.3338732944180094,1.3734565055825374
2023-01-05,0.942243826157813,1.3262491553392712,1.39236359591099
2023-01-06,0.9493116002772659,1.3309191186647935,1.4041289309877283
2023-01-09,0.9546743829453559,1.3320342170021757,1.4004208646025307
2023-01-10,0.9522820600622115,1.3380461510686665,1.3939338731795838
2023-01-11,0.9596296561189683,1.3414616437435694,1.4030191148039048
2023-01-12,0.9738327366934568,1.3316730191494317,1.4206237075949646
2023-01-13,0.9751891778188231,1.3448481470791471,1.438228293750591
2023-01-16,0.9808471903729434,1.3440464752220393,1.436733111037087
2023-01-17,0.9802727610574898,1.3428287140736301,1.4361708838210379
2023-01-18,0.9772453177778183,1.3486676489142397,1.4408032840247793
2023-01-19,0.9664871076681646,1.331266196510952,1.4251709158680195
2023-01-20,0.9713236907174778,1.3360013993147828,1.4365063713714588
2023-01-23,0.9757715451340714,1.343383254958834,1.4327559920595652
2023-01-24,0.978268712603689,1.3430407282883265,1.4350537179721774
2023-01-25,0.97506195254622,1.333677262328813,1.4325350833577322
2023-01-26,0.9817079983512511,1.3380433699976855,1.4449501464990424
2023-01-27,0.9856070815260963,1.3379661086768513,1.4477126152091606
2023-01-30,0.9863618343037504,1.3501426997015018,1.4465833526286311
2023-01-31,0.9822923751400529,1.3574047179994644,1.4391566422516127
2023-02-01,0.9822991887208676,1.3499186374337135,1.4413970382987922
2023-02-02,1.013396879559097,1.370512029271033,1.4457702514890192
2023-02-03,1.0149960084672578,1.3826002963844328,1.4580496405357606
2023-02-06,1.0022427898509814,1.3738806878212253,1.4483210728470555
2023-02-07,0.9959595166180425,1.3509308054260358,1.4591168027261467
2023-02-08,0.9965589747978076,1.351587339677626,1.4673327473841782
2023-02-09,0.9934354828252907,1.3400067739833965,1.476082156811125
2023-02-10,0.9803912652058261,1.3278811218789266,1.4618946001881654
2023-02-13,0.9893387131212524,1.345826789060532,1.4701693025130413
2023-02-14,0.9880497700878003,1.3432974004670826,1.4705890597755935
2023-02-15,0.9983510560106729,1.3578423240447037,1.475133514105701
2023-02-16,0.9989225269859958,1.3622649147784474,1.4895324472824585
2023-02-17,0.9987282953826527,1.3633840614114223,1.485915053986331
2023-02-20,0.9992669423908773,1.3593851182589034,1.4817186417029455
2023-02-21,0.9890771134163986,1.3584407308957205,1.4724556235252566
2023-02-22,0.9844238693807189,1.3768377670221632,1.4586294430993039
2023-02-23,0.9821900197950683,1.3703996071252813,1.4726152538210562
2023-02-24,0.9782247770507273,1.3668630167912383,1.4744880330508547
2023-02-27,0.9881274153069494,1.3745136016672583,1.4919669747856572
2023-02-28,0.9834692699366119,1.3570022751663497,1.4867215162582332
2023-03-01,0.9835231597759877,1.361494286058054,1.4946322920233566
2023-03-02,0.9845242734069786,1.3696085402193905,1.49221034119846
2023-03-03,0.9877319406607864,1.3697706521270991,1.4952874673775054
2023-03-06,0.9900557350053681,1.3677654882358488,1.4954872850953729
2023-03-07,0.9856908685067837,1.3709844831177864,1.4841077726642429
2023-03-08,0.9853808747546904,1.369762115485533,1.4830932075277887
2023-03-09,0.9785427124007731,1.3813138594666734,1.475611928950767
2023-03-10,0.9611916293006011,1.3643304100519151,1.4472283513980762
2023-03-13,0.9394858348923036,1.3483136957968753,1.3915588301898842
2023-03-14,0.9519786138107693,1.362539119931281,1.4199038924894987
2023-03-15,0.9251850809825828,1.3438835866047087,1.3482403199945625
2023-03-16,0.9367315559781092,1.3684873428862012,1.3592988984760435
2023-03-17,0.9218165033224356,1.3586310552400782,1.3399918089169325
2023-03-20,0.9314530898237825,1.3645594244572445,1.3540564885671647
2023-03-21,0.9447535191796026,1.3813331565614417,1.388379148997756
2023-03-22,0.9433763425527063,1.3946050157315486,1.3925733846235695
2023-03-23,0.9390879679066827,1.3904348636702626,1.3875532272713325
2023-03-24,0.9278518393406888,1.3892788941369127,1.36232659342301
2023-03-27,0.9333384362657802,1.395170931412108,1.3767484526091092
2023-03-28,0.9320294761808803,1.3877566082110901,1.3809177786565536
2023-03-29,0.9437255069277898,1.3930870956052483,1.4003453072580947
2023-03-30,0.9575098872528051,1.4107258480219314,1.418315537808348
2023-03-31,0.9619236587207286,1.4209944628250977,1.42051888856234
2023-04-03,0.958241787954119,1.4133781010060844,1.4277502259759802
2023-04-04,0.9552535502633326,1.4178700433729432,1.4218384598264602
2023-04-05,0.94852166921284,1.417323126124641,1.4235751753658172
2023-04-06,0.9564932165206032,1.4266828743215392,1.439197846155786
2023-04-11,0.9649408016851255,1.4257087954828265,1.447146132565679
2023-04-12,0.969570767204919,1.433850964962444,1.4529973536977887
2023-04-13,0.9730050567846837,1.4390432711968384,1.4566316311162366
2023-04-14,0.9768437342030657,1.4362976518541977,1.464512478785212
2023-04-17,0.9788181757808684,1.4434346464014076,1.465379638141005
2023-04-18,0.9819331551508237,1.4403107163003177,1.4727646197183633
2023-04-19,0.9795092186577498,1.4373206789482247,1.4663702697324392
2023-04-20,0.9831501955900525,1.4531230375056108,1.4636758845613025
2023-04-21,0.9856934498406856,1.4681540021349073,1.46659179571013
2023-04-24,0.9865702139691335,1.4662041089627358,1.467830126238271
2023-04-25,0.9861020149259808,1.4695105147710577,1.458721180499553
2023-04-26,0.9835874698163402,1.4611634483483102,1.465251759823603
2023-04-27,0.9833160619299322,1.453798458534206,1.4659179136527334
2023-04-28,0.992757858917359,1.4668109211782439,1.4686408919760185
2023-05-02,0.9840217521790732,1.4385963595385876,1.4515873894665343
2023-05-03,0.989015513373394,1.452060900700739,1.4536553244971049
2023-05-04,0.9800097162211038,1.4304041094374036,1.4323245402364388
2023-05-05,0.9892465259129943,1.4178476849647377,1.4491547837489769
2023-05-09,0.9835799726359316,1.4196879604428105,1.4537614270562604
2023-05-10,0.981071673353641,1.4259851162038242,1.4531940103172922
2023-05-11,0.9825387234234142,1.4430341221954237,1.4485063918981695
2023-05-12,0.9831317093965202,1.4522760742520806,1.4587573774022553
2023-05-15,0.9858049134003822,1.4497105883840558,1.4675605722878957
2023-05-16,0.9821683081301957,1.4619024238809926,1.468974964384427
2023-05-17,0.9764602809090731,1.4766608648052213,1.4678498867008327
2023-05-18,0.978886114487961,1.493825492081202,1.4776344636104486
2023-05-19,0.9775662631131886,1.501193525360942,1.476803681520659
2023-05-22,0.9798558847614921,1.4989261366964248,1.4822984504321217
2023-05-23,0.9752324331996839,1.4906763615884155,1.4740989369446162
2023-05-24,0.9553984303767464,1.47108832753333,1.4590023565810764
2023-05-25,0.9488549944205699,1.4760263462707446,1.4565191869426264
2023-05-26,0.9544510971546251,1.4896096400947307,1.46492967380411
2023-05-30,0.9528298315710206,1.4864145188934306,1.4530636154582939
2023-05-31,0.9449475540169625,1.4980040749005081,1.4360652976218016
2023-06-01,0.9494943413480276,1.5059316669400973,1.452332633838809
2023-06-02,0.965548805828607,1.5101296534985498,1.4722740145288145
2023-06-05,0.9640484396054154,1.510222533862598,1.4647923022126703
2023-06-06,0.9701167368135039,1.5070507622639149,1.471580324014847
2023-06-07,0.9671451107283704,1.5019481011480256,1.4726383720295841
2023-06-08,0.9617898158690211,1.5010916819774913,1.4718464457460898
2023-06-09,0.9571560394184718,1.49165084196863,1.4640768070896115
2023-06-12,0.9599151337052372,1.504848430708727,1.4644749233175867
2023-06-13,0.9595574323301685,1.5077765029613517,1.4750331582061587
2023-06-14,0.9611591153687336,1.5110540364410692,1.4764395775490384
2023-06-15,0.9589608716349812,1.5210531533358846,1.468932307036636
2023-06-16,0.9594827768948389,1.5239546713146819,1.4711477645736974
2023-06-19,0.9504317616100653,1.5145103791294592,1.4658840507614173
2023-06-20,0.9466448423388583,1.5239284622962004,1.462901375442969
2023-06-21,0.9381980123218916,1.5137689150042712,1.457960806875329
2023-06-22,0.9302480364189946,1.5116369717755127,1.4360042721198623
2023-06-23,0.9256371448874368,1.5142103092537493,1.4165593428330185
2023-06-26,0.9259058617770229,1.5066869453648744,1.4176174327522089
2023-06-27,0.9280168747434215,1.518670129867763,1.424054897618042
2023-06-28,0.9373841370099196,1.5486310547826225,1.436206699356627
2023-06-29,0.927888555836333,1.5420291423091677,1.4251691482027398
2023-06-30,0.9359403635505806,1.552474915373592,1.4398234403319172
2023-07-03,0.9393322973817456,1.537716322549752,1.4465538989478404
2023-07-04,0.9385316904800842,1.5305158156134953,1.4366495544642102
2023-07-05,0.9290873706941845,1.516314572297669,1.4220406743779073
2023-07-06,0.9094914457034219,1.498452178781009,1.3866427236023304
2023-07-07,0.9105029655718376,1.4766204670862286,1.3930192571019449
2023-07-10,0.9125071197796178,1.4802038484913478,1.3985431572147407
2023-07-11,0.9156231461446707,1.4764212245021355,1.4013581599481424
2023-07-12,0.934602873419813,1.492127776567452,1.4316648164183314
2023-07-13,0.9384838084408375,1.5003838043009594,1.4403443894892793
2023-07-14,0.9401029902114325,1.5127831908760172,1.4358400818494879
2023-07-17,0.9358284764860378,1.5219685601540502,1.4317872583329065
2023-07-18,0.9429758680634434,1.5141426488441294,1.4433661797257935
2023-07-19,0.9676453648956913,1.52725409204238,1.47102296558098
2023-07-20,0.9718904646087384,1.5267102226354394,1.4887858648158658
2023-07-21,0.9713040486970863,1.5361568017489045,1.4927107804733284
2023-07-24,0.97015812692878,1.5232655085444808,1.4959575262954536
2023-07-25,0.9733118244071766,1.497022500554867,1.4907877199547868
2023-07-26,0.9745297214006586,1.4964045401462733,1.4998070915714936
2023-07-27,0.9790455966293602,1.5286479550498298,1.5056177972359803
2023-07-28,0.9726684614841052,1.5181020366337663,1.5089990306438898
2023-07-31,0.9706873372832073,1.5150701343736799,1.5156966591936845
2023-08-01,0.9645450814398188,1.5149889504964473,1.5083540242011821
2023-08-02,0.9520577514630738,1.5078705252463036,1.4892912256414899
2023-08-03,0.9475174401204276,1.5001844593794218,1.4870476058321032
2023-08-04,0.9515926581323656,1.49516410995696,1.5039894723135179
2023-08-07,0.9493095728301946,1.497392917002215,1.5045284167626742
2023-08-08,0.9442934766191944,1.5018636122934295,1.4990711045457277
2023-08-09,0.9454267020684125,1.5114504002594824,1.513632416825537
2023-08-10,0.9533469899689415,1.5242937844386402,1.5202884183343384
2023-08-11,0.9400775174549207,1.5062258145454006,1.5103748036318296
2023-08-14,0.9384975385942463,1.515444207463254,1.510858466663185
2023-08-15,0.9270311978835022,1.5022083473067582,1.5013985681677933
2023-08-16,0.9247317603528132,1.4933957158594755,1.4985006230091373
2023-08-17,0.9132295953179818,1.476288484953953,1.500145512057511
2023-08-18,0.9053736349718704,1.4766676597247315,1.479299913088608
2023-08-21,0.9004047247012182,1.477697154773402,1.4790305761271259
2023-08-22,0.9015880176860817,1.4744361740178744,1.4836546027332902
2023-08-23,0.9110679423469039,1.4919254980620913,1.488239850277238
2023-08-24,0.9109952514674494,1.4972760836225596,1.4920777872296258
2023-08-25,0.9109406019176166,1.5049017643808291,1.4926828213755656
2023-08-29,0.9296509795578181,1.5212736063323469,1.526355012502456
2023-08-30,0.9319217216583818,1.5303519951037343,1.5292383136808851
2023-08-31,0.9313369049557703,1.5184499393621282,1.5232673455509114
2023-09-01,0.9290482690687838,1.5179390919616258,1.5301700618359582
2023-09-04,0.9268286583009299,1.5249386333139998,1.5282618954352754
2023-09-05,0.9225047494096806,1.5295024129494437,1.5284389904225861
2023-09-06,0.9215294552762913,1.5385247263707724,1.522977701887202
2023-09-07,0.9211465964924783,1.5632337482274974,1.52628553044781
2023-09-08,0.9246323116759402,1.586414666225357,1.5301297252700468
2023-09-11,0.9280005336906698,1.5797440522001331,1.5374485521787908
2023-09-12,0.9284538191932136,1.5869297350730982,1.5516425936199016
2023-09-13,0.9306028536329326,1.5966016849289841,1.5534827011176182
2023-09-14,0.94488830072302,1.6146956877192664,1.5836219107372775
2023-09-15,0.9495993967102783,1.6111602634075723,1.5955039073904866
2023-09-18,0.9367609708749918,1.6011850052445646,1.5795841573617397
2023-09-19,0.9312652795783102,1.5953190599701552,1.5928661195339706
2023-09-20,0.9434526703347824,1.611399558380825,1.5977376425499088
2023-09-21,0.9385936271944586,1.5980023199867386,1.5912659106489886
2023-09-22,0.9370380040401733,1.591541272829616,1.5869759265596088
2023-09-25,0.9266422852138368,1.5829281982067709,1.577271787967267
2023-09-26,0.9262707310274054,1.5674540625184743,1.578238041341661
2023-09-27,0.9184963606332263,1.5596975082872475,1.5657131752818072
2023-09-28,0.9150859742985936,1.5604558138954798,1.576773251451763
2023-09-29,0.9225613982883398,1.5661623163572822,1.576882049570118
2023-10-02,0.9089452530815137,1.5565960438575879,1.5518303219795355
2023-10-03,0.8986727414583698,1.5507306709395514,1.5407199734841788
2023-10-04,0.894589872686281,1.5707165820667752,1.520863206824403
2023-10-05,0.9009924408211689,1.5868440612717798,1.5232217260991716
2023-10-06,0.90655547094253,1.5892085493814092,1.537086285055163
2023-10-09,0.8990410594680848,1.5898846718473267,1.5310626856674268
2023-10-10,0.9189169145430476,1.6088511114695319,1.5627480008351737
2023-10-11,0.9177676575735737,1.6162265651929448,1.5602753343840436
2023-10-12,0.9169048577082074,1.631743622478141,1.5625718797964714
2023-10-13,0.9050623543162708,1.6237299812845254,1.5491136683305256
2023-10-16,0.9106865843854267,1.6203050919707618,1.5537423234804313
2023-10-17,0.9130069948441457,1.622124831963468,1.5660791593117411
2023-10-18,0.9026235834849035,1.6046656696912605,1.54905187250133
2023-10-19,0.8886341044158876,1.5960798211732412,1.5272311491388268
2023-10-20,0.8779236118413746,1.5655020035139406,1.5079619596149958
2023-10-23,0.8792206869655418,1.5726160748042286,1.5063556735651817
2023-10-24,0.8807520369199351,1.5625857746682927,1.5018415103509546
2023-10-25,0.8797061452732267,1.579592241405629,1.5019235061840182
2023-10-26,0.8773878669775037,1.5818794511329128,1.4876285055941199
2023-10-27,0.8757980448500384,1.5769345901267637,1.473623943376222
2023-10-30,0.8822281087038824,1.590490069477041,1.4869091830958931
2023-10-31,0.8872603807008036,1.5909259833559968,1.4857931065249
2023-11-01,0.892271098394286,1.6018448940341645,1.4982067347307304
2023-11-02,0.9075743595023932,1.6138063312912936,1.5150188702036695
2023-11-03,0.9164922410149914,1.5793276158650702,1.5081752109807842
2023-11-06,0.9095154944950151,1.5797654670414178,1.5061678884134158
2023-11-07,0.9147160454993928,1.5961545883214372,1.506360033973599
2023-11-08,0.9160132250340584,1.6133140789580154,1.5166621360022385
2023-11-09,0.9262058050568965,1.6267376777016576,1.52777936676677
2023-11-10,0.9175279563539177,1.622239170226839,1.5167275101010493
2023-11-13,0.9237869635958436,1.6247605993457725,1.5279516691982038
2023-11-14,0.9400800671121673,1.5987956443357325,1.5258244677825403
2023-11-15,0.9466099409800197,1.6104181022998352,1.537601628796082
2023-11-16,0.9356543074295948,1.6168190846048986,1.521060869787278
2023-11-17,0.9469775952821308,1.6245687434145937,1.544016857978593
2023-11-20,0.9484436557398973,1.6168643578447324,1.5509167178212762
2023-11-21,0.9459117382750666,1.6247770594995135,1.538831832707826
2023-11-22,0.9509845101186888,1.7137643675433656,1.5302997589184695
2023-11-23,0.9495288174526049,1.7209394041671748,1.5373437330439368
2023-11-24,0.9511021752159883,1.6986499262231132,1.5379755907873618
2023-11-27,0.9524575916887563,1.710073159281593,1.5327770896885686
2023-11-28,0.9487231134295241,1.7173949656860665,1.5375841155583605
2023-11-29,0.9502504827252228,1.6995463426809663,1.5389514437338745
2023-11-30,0.9487428872434654,1.6952279815225404,1.542775764337886
2023-12-01,0.9583755974613594,1.712939528955009,1.5638613045617011
2023-12-04,0.9566700649576477,1.7072558204301698,1.5590863887543915
2023-12-05,0.9610775900634662,1.7145297708362326,1.5537413113085563
2023-12-06,0.9714758311737192,1.7229550826224573,1.5666135655800144
2023-12-07,0.9720266334072138,1.735505854342991,1.5611415898763878
2023-12-08,0.9747916985325263,1.7471371852858368,1.5784874040873407
2023-12-11,0.9793915664292704,1.757358278617777,1.5738708442147986
2023-12-12,0.978370059676478,1.7711746896807512,1.5745281562257385
2023-12-13,0.9790143497942486,1.778151939785996,1.575462007142594
2023-12-14,0.9985600293204777,1.7513176549531384,1.5963587369214254
2023-12-15,0.9904376309666173,1.7367352211461535,1.583326771117906
2023-12-18,0.9897706320437261,1.7445975344290563,1.5923777856217816
2023-12-19,0.9947813385167277,1.7445255663661718,1.60079085493663
2023-12-20,1.0059474272762925,1.7578475017507944,1.6236349684106093
2023-12-21,1.0016435778418682,1.7581103825620878,1.6213383956387826
2023-12-22,1.001577855943461,1.7587184633090087,1.624154397330512
2023-12-27,1.004987365036892,1.7665426323869127,1.6303558203298025
2023-12-28,1.0038733408393197,1.7691413198449801,1.6250073677100778
2023-12-29,1.0018389112841761,1.7676259032818293,1.6284386226483794
2024-01-02,0.9946994451479828,1.7535954761607446,1.6289896468870226
2024-01-03,0.9836707223190702,1.7460056350114588,1.6224646692658102
2024-01-04,0.9852330551959394,1.749929484819089,1.6361359840847571
2024-01-05,0.9804983253421612,1.7434914953155758,1.6299364870050672
2024-01-08,0.9889645989355792,1.7631763829581006,1.6396101776658725
2024-01-09,0.9862772816773719,1.7627337972293382,1.6332680474374337
2024-01-10,0.9838232300870937,1.7786610267820873,1.6271032678197932
2024-01-11,0.9740291053224432,1.776952786693995,1.6001355266537254
2024-01-12,0.9829314185244434,1.797426605990281,1.6090080112481913
2024-01-15,0.9813242877857309,1.7874979635653743,1.6001713077897195
2024-01-16,0.9782236121742955,1.798734943676851,1.5850352647901622
2024-01-17,0.964304419242999,1.7897468147863884,1.5632764689539846
2024-01-18,0.9666800675481179,1.8032068405745239,1.567104355030472
2024-01-19,0.966115898073721,1.8000201490433583,1.5629328648271643
2024-01-22,0.9763561659091458,1.7975807396570112,1.5747701697013683
2024-01-23,0.9723395261160255,1.7793193760208992,1.5694049305091171
2024-01-24,0.9797203519051628,1.7842254632803654,1.5858511588099564
2024-01-25,0.9790529971023737,1.7991595830083675,1.5849448974843876
2024-01-26,0.9905087849634617,1.8084732735575517,1.5947897175462538
2024-01-29,0.985525627810014,1.8060035095730187,1.5925941824296976
2024-01-30,0.9886539375646813,1.8271519641196037,1.5977603344430134
2024-01-31,0.9872841863509825,1.8135290748040933,1.5861203551504148
2024-02-01,0.9810793200789721,1.8069806763689347,1.578058717063717
2024-02-02,0.9812630068574721,1.8042305747684697,1.577029390768819
2024-02-05,0.9773281911724157,1.8003896577328913,1.5691885532532384
2024-02-06,0.982928060093786,1.801632390398152,1.587139401559003
2024-02-07,0.9756534438597942,1.8028625103024616,1.5738414308479665
2024-02-08,0.9720086034654403,1.825876394523031,1.5678525059162907
2024-02-09,0.9696442125742798,1.8493252459471856,1.5671538653556636
2024-02-12,0.9762103243017587,1.8306679757888473,1.5740622679596765
2024-02-13,0.9599575644999021,1.8025282779607057,1.5580413956547683
2024-02-14,0.9692669160428757,1.8227548133135478,1.5686535104375716
2024-02-15,0.9773596792249114,1.8167192407797172,1.5823491886539158
2024-02-16,0.9877215959298485,1.842240194954999,1.60449731600511
2024-02-19,0.9873174488434487,1.847740494978802,1.6122754275027296
2024-02-20,0.9867065144959709,1.8496423748980675,1.6215648758698675
2024-02-21,0.9850782087264147,1.8486047785081832,1.6201015882838445
2024-02-22,0.9880975968798176,1.8778163051643786,1.6427870990387323
2024-02-23,0.9890469797733852,1.878745413449975,1.6474718045603407
2024-02-26,0.9872032501624457,1.8738108281894919,1.64766762456665
2024-02-27,0.9840489545447895,1.859761043443168,1.6451228837352911
2024-02-28,0.9760599139242753,1.8641753636325948,1.6480711344616288
2024-02-29,0.9795986769125813,1.8853146918112476,1.648825141629641
2024-03-01,0.9862500532703871,1.8754782782619663,1.677842703364155
2024-03-04,0.9815994846893338,1.8798914714321249,1.6684877955793125
2024-03-05,0.982209260276375,1.8783340613902861,1.679203652346022
2024-03-06,0.9875540080223573,1.882807612502819,1.6941411201890397
2024-03-07,0.9938335122699719,1.8730143567850268,1.6967031610886207
2024-03-08,0.9933257954988096,1.8716813615144883,1.6907996649492603
2024-03-11,0.9932183259817421,1.8493297408963911,1.6867005797836117
2024-03-12,1.000144853708019,1.87953978935663,1.7082508172123965
2024-03-13,0.9992195559861229,1.8754496002166459,1.7062107279288283
2024-03-14,0.9967817274215323,1.8732278183106104,1.6984494888901713
2024-03-15,0.9958418497498501,1.8602648419507926,1.6974486599221914
2024-03-18,0.9945602238038426,1.8588946008163825,1.694629585378664
2024-03-19,0.9924410785910418,1.8533616423904107,1.69609848660228
2024-03-20,0.9952353561671972,1.856698207470197,1.701521185504186
2024-03-21,1.0147131722987388,1.9134251931211443,1.740025792414643
2024-03-22,1.0187994811428311,1.918811636769572,1.7449401400730915
2024-03-25,1.0145147068270306,1.9155569624595639,1.7443656565570171
2024-03-26,1.0176114083815182,1.9268080332824375,1.762918565662943
2024-03-27,1.0181436368980192,1.9239790920081514,1.7730931470286104
2024-03-28,1.0202700446777646,1.9293981732026178,1.7747977230468792
2024-04-02,1.0096889192793015,1.8899090200388333,1.7720331317777736
2024-04-03,1.0081179835662228,1.8830849338930584,1.782188048557206
2024-04-04,1.0102215191229917,1.8731207942629322,1.7901498050549678
2024-04-05,0.9971063770951799,1.8737446730792708,1.7798088116873032
2024-04-08,1.0009473597119867,1.8489559585290731,1.79448765704081
2024-04-09,0.9986637774390943,1.8447016488541212,1.7710128770392661
2024-04-10,0.9976737911255296,1.8500572501066272,1.7785913371121245
2024-04-11,0.9941984297857472,1.8375104713188348,1.7709249491715535
2024-04-12,0.9953527722125292,1.8299368818878055,1.7834445375184917
2024-04-15,0.9958470322195725,1.829208096894076,1.7810337131664749
2024-04-16,0.9777051457075644,1.803676553042217,1.7445333795997646
2024-04-17,0.9781626632250828,1.7918282937486802,1.7563986807019343
2024-04-18,0.9815758696308722,1.8046891879185758,1.76792432404825
2024-04-19,0.9815457564246914,1.8058804444898702,1.7644272812649384
2024-04-22,0.9950364194225968,1.8236135596423526,1.7899142469927807
2024-04-23,1.0024400396666207,1.8381699253950161,1.81130099901662
2024-04-24,0.9953909067914296,1.8320479431794572,1.8159144297132348
2024-04-25,0.9894003213085061,1.8207807946166579,1.8121465126320946
2024-04-26,0.9990677877829383,1.835816665388749,1.8305720253373776
2024-04-29,1.00258441183164,1.8197419576331537,1.8300438303850548
2024-04-30,0.9991358879781906,1.8278918621154523,1.8219160815103437
2024-05-01,0.9964571277884527,1.8168866363833243,1.8174768281644635
2024-05-02,1.0003481576930031,1.8186046137539602,1.8131264937548754
2024-05-03,1.011976190109782,1.8506395136507259,1.809388994164639
2024-05-07,1.0268535152375977,1.8707489559588002,1.830716966333669
2024-05-08,1.0331559387444231,1.8826410603853618,1.849360520940892
2024-05-09,1.0366067081963457,1.8902191320226667,1.8544361420346287
2024-05-10,1.0403078776546868,1.893744157376533,1.8673489399579815
2024-05-13,1.0372956470315713,1.8833604354690678,1.8663173072729722
2024-05-14,1.0417577423728919,1.8940425996222239,1.8672533742553388
2024-05-15,1.0521212493801402,1.8797704834853313,1.8535780515106137
2024-05-16,1.0558916174582451,1.8141749188920697,1.8563504881779203
2024-05-17,1.0510771759687667,1.8281807730459327,1.850140352128725
2024-05-20,1.0498909949968342,1.811204713364902,1.8664281296927965
2024-05-21,1.0443463288023813,1.8029973991092885,1.8642286700230692
2024-05-22,1.0398168823808744,1.8165435552468316,1.849729312452907
2024-05-23,1.0323897854336295,1.812041474197778,1.8524759040563052
2024-05-24,1.0330395981359264,1.8041715803324287,1.854747398701432
2024-05-28,1.0272094952117832,1.7795531723872928,1.8514538513671326
2024-05-29,1.016288508669521,1.7747217783670806,1.8361854243942295
2024-05-30,1.0262245754982773,1.7477495299864165,1.8445623314095414
2024-05-31,1.0261896895297744,1.7569832678706823,1.8528470263626162
2024-06-03,1.030452860943611,1.7505540402912898,1.863021875534312
2024-06-04,1.0302456387457137,1.7682370227082405,1.8408553243690542
2024-06-05,1.031482790643914,1.7858758132392678,1.8339473368538985
2024-06-06,1.033699570827696,1.8052795815713722,1.850934489960564
2024-06-07,1.0243836060706324,1.8113207489056824,1.8391750771353457
2024-06-10,1.0191216506141778,1.7887779125377232,1.838832263311812
2024-06-11,1.0099896889938011,1.779296766793667,1.8155670191781679
2024-06-12,1.024916839193488,1.8117036234402475,1.8379884678233616
2024-06-13,1.0177836964476066,1.802073062922453,1.8231993836163685
2024-06-14,1.0124272786749586,1.812497128097296,1.8106854430048622
2024-06-17,1.009452671886116,1.8100694135188176,1.817728972511767
2024-06-18,1.0169729866449484,1.8272757896440488,1.833877376437825
2024-06-19,1.0150791112870012,1.8322565560815136,1.8413224825533387
2024-06-20,1.0259980961228587,1.8422591358677305,1.866645362903245
2024-06-21,1.0202080122490544,1.8447664832247825,1.8480796635806631
2024-06-24,1.0273790601194042,1.8348817586359096,1.8624862487567737
2024-06-25,1.0174317850679226,1.8384999288439985,1.843850152640112
2024-06-26,1.015048082256329,1.8350596382160358,1.8400953794744757
2024-06-27,1.0121734896812127,1.8451037462406354,1.8381727521844682
2024-06-28,1.0089198984608232,1.8307493409336175,1.8350462575195494
2024-07-01,1.0072773039751168,1.8143195281897573,1.833406918076825
2024-07-02,1.0007981081773845,1.8071257884361998,1.8207384970203084
2024-07-03,1.0125502430781106,1.8078282063505238,1.8437847551379845
2024-07-04,1.0179407426688076,1.814887748519456,1.858339347356039
2024-07-05,1.0209581002454284,1.814410032622605,1.8559175662462044
2024-07-08,1.0227218597901278,1.8089288158599366,1.8653620624960945
2024-07-09,1.0166464580151213,1.8016919455035014,1.837543539661252
2024-07-10,1.026243884499865,1.79154911298195,1.8630763121283098
2024-07-11,1.036368502624741,1.796012126224279,1.870085812561456
2024-07-12,1.0409690567285146,1.8141006786076683,1.867512680354288
2024-07-15,1.029622604509349,1.7945621605725541,1.864305511438099
2024-07-16,1.0281730379507892,1.802114182584815,1.875880703318889
2024-07-17,1.0241347961527352,1.7829414793176064,1.8705459585906767
2024-07-18,1.0266140998073743,1.7820808058587099,1.862568538515152
2024-07-19,1.0188382013612947,1.7843714522932512,1.8554533658733507
2024-07-22,1.0250354199948795,1.7935220322980294,1.860233013223146
2024-07-23,1.022092480194485,1.8245406443927041,1.8655799894988478
2024-07-24,1.0181222580370448,1.8093460380731818,1.8549577899936156
2024-07-25,1.017371423026999,1.8418072581575615,1.8278853830205306
2024-07-26,1.0307209675886915,1.872901958605838,1.8641849722703627
2024-07-29,1.031034911290305,1.8845609804683898,1.8638315907909186
2024-07-30,1.0334184804762567,1.88297673604531,1.8782493212761957
2024-07-31,1.0416593196546,1.8959290448256183,1.8914185193804278
2024-08-01,1.0339071751111928,1.8715594470613734,1.861112701506913
2024-08-02,1.0129670532676573,1.8447957701166053,1.8054370157131574
2024-08-05,0.9883266105587701,1.8006173582816996,1.768842732325922
2024-08-06,0.9896996034635273,1.8015645652707988,1.780431541397707
2024-08-07,1.003024955145652,1.811857743313493,1.8117672331741768
2024-08-08,0.9982233497209816,1.803071252066159,1.8120003941729643
2024-08-09,1.0013964806137223,1.7989401346766118,1.8234363754508573
2024-08-12,1.005160505915303,1.8137877141623875,1.8408177153414518
2024-08-13,1.0101879095869717,1.817247730458918,1.8426650824566204
2024-08-14,1.0185407515483542,1.8297836082502839,1.8604104253943963
2024-08-15,1.028457668547777,1.8403669345504674,1.8898624511823816
2024-08-16,1.0254671961855664,1.8255286325641435,1.8866369103212743
2024-08-19,1.0307712598984986,1.8350377139511662,1.898944446459881
2024-08-20,1.0215968266683333,1.8276160151212872,1.87664517898886
2024-08-21,1.0256218135667448,1.8276280281673272,1.877397539218354
2024-08-22,1.0282186660650492,1.8249416201239075,1.8822316887629458
2024-08-23,1.0336098199100372,1.808595030778814,1.8953177385299491
2024-08-27,1.0300056151497148,1.8094978156307826,1.903358484521104
2024-08-28,1.0301772360256551,1.818500127575386,1.9002964180835078
2024-08-29,1.033484362515524,1.8421811664581478,1.912328205139327
2024-08-30,1.0360945194487123,1.8298803503515806,1.9100139870601072
2024-09-02,1.0396233924318612,1.8385764321480276,1.8915454591004754
2024-09-03,1.0339220486862544,1.8353753094721685,1.8713899083082077
2024-09-04,1.0289387168544053,1.827871497877475,1.8636919477650524
2024-09-05,1.0289546206769384,1.818529028813755,1.8612109746485321
2024-09-06,1.0221583387633018,1.8236546797474522,1.8253732799489137
2024-09-09,1.0311795697865853,1.8537170633821205,1.8527982864979262
2024-09-10,1.0315250709858967,1.8513487337709311,1.8380416619872153
2024-09-11,1.02762636486053,1.8456246360447794,1.8357637746780737
2024-09-12,1.0352078047387847,1.8774560313315998,1.858061111978566
2024-09-13,1.043619586430163,1.8675750028646683,1.8727967766627978
2024-09-16,1.0445826747971254,1.8675171356212221,1.8721086725635274
2024-09-17,1.0511818248372307,1.8689965554786365,1.877958192947049
2024-09-18,1.0418027298432067,1.845728721224056,1.8695476414602379
2024-09-19,1.0515588902376014,1.8632349019174723,1.905633269622288
2024-09-20,1.034860535163155,1.848167062489064,1.8861688707989734
2024-09-23,1.0397485599225018,1.8598942490450938,1.8913613080183849
2024-09-24,1.0398564452916679,1.857841092062314,1.896867749698521
2024-09-25,1.0399671728159163,1.8629021902757066,1.8881725697737162
2024-09-26,1.045599389638331,1.8550925807208094,1.8974201937631099
2024-09-27,1.051379267870734,1.86010128235879,1.8995141275755465
2024-09-30,1.036085754154348,1.8308098080057593,1.878302307059756
2024-10-01,1.0347687094922262,1.8331805358522093,1.8715310031868084
2024-10-02,1.0292400995503328,1.8387345736735357,1.875819829397384
2024-10-03,1.0258726223233658,1.8310792637045656,1.8772690182475154
2024-10-04,1.0270380487512214,1.8183917819501583,1.8964155624880754
2024-10-07,1.0236404254879279,1.819848868836959,1.8976361468927778
2024-10-08,1.0145306119869575,1.8262887075579168,1.8787410226679837
2024-10-09,1.0229496260107724,1.840787632450672,1.9027117821066157
2024-10-10,1.0191469331358,1.839093325996289,1.9035491488052947
2024-10-11,1.021730524508611,1.8437800161267777,1.9193638006002007
2024-10-14,1.0256632528734044,1.865262946381887,1.9299339022896267
2024-10-15,1.024909314576596,1.8710297926749841,1.9266132115054204
2024-10-16,1.0349817657435656,1.8855175485165592,1.9515450418959157
2024-10-17,1.0415947579804694,1.9060540204684582,1.973367439186458
2024-10-18,1.039358577293207,1.902232298960125,1.9741181495491842
2024-10-21,1.0245454043757731,1.8841327039306703,1.9677304281661085
2024-10-22,1.0217876260106304,1.8724752232107564,1.9701679411563697
2024-10-23,1.0168824279491002,1.8708886922421868,1.9511413607886883
2024-10-24,1.0148365039600578,1.8755591272341305,1.9482088682008591
2024-10-25,1.0133704049530667,1.8798837752808346,1.9361756802372663
2024-10-28,1.0202759524030387,1.892939897850824,1.9378573266445778
2024-10-29,1.0092201104677438,1.8839669957829503,1.918391624988324
2024-10-30,1.007905541718303,1.8559875784038506,1.9228677483382621
2024-10-31,0.9906819971238304,1.83980435052235,1.9037601452740474
2024-11-01,1.0007126638820831,1.868096918009223,1.9248889817663641
2024-11-04,0.9981473949331322,1.8692190952916448,1.9239722975845974
2024-11-05,1.002062678012887,1.8893999877683871,1.9410934823175034
2024-11-06,0.9990673994108009,1.9124155327816805,1.9778859720647448
2024-11-07,1.000559646344793,1.91040694549083,1.9681215961677743
2024-11-08,0.995041664062312,1.9294085196833448,1.9486613298158157
2024-11-11,1.0017995807926994,1.9591063217698368,1.9812083406815864
2024-11-12,0.9942474098001588,1.9283116295804825,1.95663994061909
2024-11-13,0.989535178148802,1.931440660990802,1.9607692418960072
2024-11-14,0.996456766771374,1.9436048484144617,1.9670972954947064
2024-11-15,0.9952649751999424,1.9130459370322939,1.965467865940134
2024-11-18,0.9985312531001371,1.9306187049086436,1.9764832137747352
2024-11-19,0.9993228104915293,1.931458520231678,1.9632015715240254
2024-11-20,0.9927162693729712,2.0331096429385025,1.9571777460931468
2024-11-21,0.9990081413985069,2.045232319142693,1.9885632603734154
2024-11-22,1.0174248820724892,2.0832236732640106,1.9973808278482426
2024-11-25,1.0217784169168485,2.085539512557748,2.0116656653055642
2024-11-26,1.0181981354317642,2.1048718843281997,2.001468288363278
2024-11-27,1.022740728593829,2.106731839825819,2.0049592274317947
2024-11-28,1.0248239947705822,2.1020961313264013,2.015849796893755
2024-11-29,1.026447659866548,2.1054532936942603,2.0079215703643065
2024-12-02,1.0302402623658506,2.115955947036546,2.018714837261861
2024-12-03,1.031662091679171,2.116411964591264,2.042988533354406
2024-12-04,1.0354035801531214,2.1335615065424043,2.042100331911906
2024-12-05,1.0354776161509291,2.1413913181539628,2.0463941047247514
2024-12-06,1.0318486963012077,2.130013808638644,2.0389292859346373
2024-12-09,1.0333396016609684,2.0975722081139203,2.039917370105496
2024-12-10,1.028054059014039,2.0937287548221093,2.017583167589637
2024-12-11,1.0289097951992772,2.098755803000813,2.0334370800574124
2024-12-12,1.0257594830453103,2.1040786401140257,2.040192476855126
2024-12-13,1.0259920813269379,2.0994696553819723,2.040315869303621
2024-12-16,1.018866910251756,2.0895903390494706,2.0400074096201704
2024-12-17,1.0099211220692268,2.0969821971741234,2.0156988686602144
2024-12-18,1.0106514141074188,2.1116196821496005,2.0288708280778884
2024-12-19,0.9965061383574362,2.0807327987924595,2.0015926295335285
2024-12-20,0.9955821085032218,2.0681740053223385,1.9963908371894798
2024-12-23,0.9953945985055092,2.0637953542084158,2.0005034678664932
2024-12-24,1.0003791847368169,2.0666454681850066,2.0142621963007388
2024-12-27,0.9981680234426045,2.0708964235436276,2.015138758989271
2024-12-30,0.9946579974291438,2.0620813781730827,2.0123980973358875
2024-12-31,1.0020362248689818,2.062118981248585,2.018788117065489
2025-01-02,1.009671390368321,2.080923182448714,2.043993926198086
2025-01-03,1.0028632459955857,2.06956148153766,2.03679038901064
2025-01-06,1.0075281732414327,2.074176647342482,2.0397208342560615
2025-01-07,1.0045485204009539,2.0819687463480037,2.039452187718673
2025-01-08,0.995430165004461,2.1081544731794852,2.032985744083409
2025-01-09,1.0007964833229777,2.1267045118971395,2.0311021349446423
2025-01-10,0.987404085904975,2.1078756558415725,2.011776834600909
2025-01-13,0.9838683243311497,2.090179731770258,2.0034368102324347
2025-01-14,0.9817715477666059,2.0857750725456463,2.006870324023953
2025-01-15,1.0016173478648958,2.1103852711900584,2.045177217409115
2025-01-16,1.0113863292258745,2.14170010120611,2.0686572006134543
2025-01-17,1.025382420952437,2.156499570702062,2.0899638698930416
2025-01-20,1.0274309364157834,2.162678036639094,2.0980447922673986
2025-01-21,1.0295029291374114,2.174806314053703,2.112856254857043
2025-01-22,1.0320080063845232,2.1867956829231137,2.11781995972837
2025-01-23,1.031935515593402,2.1902295432606556,2.1287730371702605
2025-01-24,1.0282238237947783,2.1670005081698016,2.106957681336647
2025-01-27,1.0271398091497408,2.166935649364722,2.086940251422646
2025-01-28,1.036640393510707,2.1895272809924697,2.093845654971161
2025-01-29,1.0401731510036527,2.1920417657337787,2.1166957136291313
2025-01-30,1.0514809109562597,2.1996627479155797,2.1449640394986855
2025-01-31,1.0570917858912576,2.2181325542702397,2.15682837820151
2025-02-03,1.045051301623879,2.212935556429508,2.135636040723199
2025-02-04,1.044502388635552,2.200973275083122,2.1399072718890877
2025-02-05,1.0511433231014637,2.2081877084039525,2.1539002077414375
2025-02-06,1.057896046695573,2.194439165685101,2.188997125438563
2025-02-07,1.0509955527541097,2.1956535792898038,2.184547791480262
2025-02-10,1.059280147165297,2.2019979899533575,2.2004111289356927
2025-02-11,1.0569331737342962,2.218240712449884,2.2136584345122285
2025-02-12,1.0598700445449531,2.229942056190511,2.2190875029222545
2025-02-13,1.0646876769943308,2.228970729737571,2.216262739465239
2025-02-14,1.0644169194707764,2.2212076812023533,2.2138782404616397
2025-02-17,1.0666672138578819,2.2224531667450718,2.2381572805383625
2025-02-18,1.0615762014498331,2.2095061618895797,2.2411423109416884
2025-02-19,1.05291386381311,2.200333901347135,2.219471418277824
2025-02-20,1.04954785571864,2.190143046922788,2.205330870086799
2025-02-21,1.0485118846347858,2.168955658877399,2.215734477003448
2025-02-24,1.0465801875361815,2.155110788090876,2.2137487466678714
2025-02-25,1.0421723594972658,2.1472588857048986,2.227426978065758
2025-02-26,1.0526899331490973,2.1396482281281006,2.26437120962525
2025-02-27,1.0478338317625637,2.120426726429956,2.29758195268593
2025-02-28,1.0520057906385318,2.1288278514426024,2.314658067733651
2025-03-03,1.055481819760899,2.1517790453501076,2.351865843413977
2025-03-04,1.0404588332738272,2.1336178792575375,2.3048996630491874
2025-03-05,1.0402811033893415,2.096821601122833,2.3412211197312534
2025-03-06,1.0331499966516602,2.0356338155635507,2.33715452569735
2025-03-07,1.030757708950737,2.042291121937169,2.3127388367470045
2025-03-10,1.0264811915572154,2.0392438017096812,2.250486418271802
2025-03-11,1.0170733476279694,2.021899781523975,2.227781022326091
2025-03-12,1.0181029370646213,2.0347107978860315,2.2589894607734213
2025-03-13,1.0114765007010262,2.0361303377991224,2.247927902446356
2025-03-14,1.0184244461614929,2.055486286629081,2.2933911019142474
2025-03-17,1.0232599638715485,2.0550951975060627,2.292963776805738
2025-03-18,1.0242422095550778,2.027170321262673,2.330005642652476
2025-03-19,1.0256966605790283,2.003529851204785,2.331256333561385
2025-03-20,1.0277493684719052,1.9965044013904454,2.310051855721567
2025-03-21,1.0194239982821534,2.005471185719924,2.2906725102937378
2025-03-24,1.0211124143324417,2.0125606877858306,2.3004476352295122
2025-03-25,1.0231864975500562,2.02721704312148,2.3171455473350697
2025-03-26,1.0225066889882746,2.0353085077836077,2.3260998832356874
2025-03-27,1.0171773312537478,2.0485350136486726,2.321376300687434
2025-03-28,1.0192442763961702,2.0569117904102003,2.2945965438606306
2025-03-31,1.0081271568445112,2.0489198243696514,2.262487187428023
2025-04-01,1.0140376800090916,2.070670045607082,2.2896663669843855
2025-04-02,1.0120250505277892,2.08051928622444,2.2835579771593926
2025-04-03,1.0049635892131639,2.0797851332384556,2.2243642970009265
2025-04-04,0.9618369522328875,2.0172252173634453,2.079123493829164
2025-04-07,0.9214954903725483,1.8693272179360019,2.009507155470414
2025-04-08,0.9474521394995916,1.9386692353153476,2.0829763597397095
2025-04-09,0.9241148730510315,1.8976680943464712,2.0413981202156286
2025-04-10,0.9555658944797552,1.9677338509428584,2.1253607535130232
2025-04-11,0.9627932926676777,1.9692516635584045,2.1327496048076084
2025-04-14,0.982710852102359,1.9968911307385435,2.192851201110992
2025-04-15,0.9990684510300426,2.0391028588275186,2.2451259079797072
2025-04-16,0.9995428536332784,2.034509705555013,2.2335110913072653
2025-04-17,1.002505093376816,2.040791951292279,2.223499680518571
2025-04-22,1.0062479980666323,2.0362471653844927,2.238213601771481
2025-04-23,1.0123341283338532,2.0401504003302393,2.2729105264843747
2025-04-24,1.015323378034067,2.0407956802877947,2.2722459417380847
2025-04-25,1.0178581133164826,2.042774120346713,2.291234772911894
2025-04-28,1.0196246014349077,2.0346077814543677,2.289385915416357
2025-04-29,1.024246321374613,2.0516028172951994,2.30482681441989
2025-04-30,1.0334983299871978,2.0923606467313722,2.306298732815023
2025-05-01,1.0411747704696785,2.0939207083353977,2.318390300965849
2025-05-02,1.0483609547510848,2.132520820762679,2.343925902401338
2025-05-06,1.0517573085839913,2.131002480097422,2.352986618384795
2025-05-07,1.0501434444454143,2.1359224155898584,2.3391001687849964
2025-05-08,1.0523571435665402,2.1241449127475556,2.3396489852149385
2025-05-09,1.053641848500779,2.1252786573794107,2.350647949368926
2025-05-12,1.0567846076844722,2.109466231840711,2.3685603335898717
2025-05-13,1.058996512768661,2.122743021135261,2.3839523226301806
2025-05-14,1.059065420219813,2.1094342153570445,2.3928167165666974
2025-05-15,1.066656310053093,2.1183960682831624,2.388082622075143
2025-05-16,1.072229503769563,2.1319666390403076,2.3980567348699253
2025-05-19,1.074404779016629,2.12322524907705,2.415183579951366
2025-05-20,1.0845465874098565,2.132244766513972,2.447014496083269
2025-05-21,1.0819990661656844,2.1480497224430057,2.458738824755375
2025-05-22,1.0746256884701195,2.1478383040213873,2.471232638756276
2025-05-23,1.0721794596708158,2.1456143853733685,2.459849935225789
2025-05-27,1.0805677735945016,2.152137762971519,2.4862701322645693
2025-05-28,1.0764965202580479,2.1221394939338047,2.4717961811060425
2025-05-29,1.0741952134626063,2.099095332601568,2.473643821902589
2025-05-30,1.0785436087957727,2.091281607639995,2.4888101165692147
2025-06-02,1.080203198962238,2.089469651140624,2.5075311136491036
2025-06-03,1.0763415783125114,2.094853685342791,2.533319934136733
2025-06-04,1.0812019038594998,2.0944368830723055,2.5410802198170805
2025-06-05,1.0841664429151754,2.0963863130425313,2.5412802624142286
2025-06-06,1.0848472662791961,2.103648825620709,2.545398657936069
2025-06-09,1.086200118641706,2.08552093361297,2.548560829189171
2025-06-10,1.092052114742172,2.098928544963401,2.527653340945879
2025-06-11,1.0940560423587924,2.1028616159727407,2.534858091607138
2025-06-12,1.0932043464665697,2.101088603333046,2.5327648568770686
2025-06-13,1.0869252879617048,2.084483394807796,2.5202306255056115
2025-06-16,1.0929693964547271,2.1055734360609777,2.536738509739047
2025-06-17,1.087930021872689,2.0880938173476404,2.52461329150976
2025-06-18,1.0912956211407319,2.0773264525832658,2.53541217669634
2025-06-19,1.0830260549424673,2.067687133870777,2.511212107544189
2025-06-20,1.083006089208983,2.0682645479844575,2.512969569279829
2025-06-23,1.0807168869622559,2.087093294293181,2.500650748066366
2025-06-24,1.0868310683706546,2.073584939359273,2.5207900636850984
2025-06-25,1.0834704271680065,2.062322316058299,2.5378869828274726
2025-06-26,1.0900307303432437,2.050173487297524,2.5657005531808417
2025-06-27,1.0977366285144983,2.0763189141247893,2.5834190708463804
2025-06-30,1.0931931480732473,2.0673484136500364,2.586270230250447
2025-07-01,1.0970448881822208,2.069114398445468,2.561850840179223
2025-07-02,1.0857640780558793,2.038634304837688,2.538954508051291
2025-07-03,1.0983805152544397,2.049015378275618,2.569747710700108
2025-07-04,1.0942179414004929,2.0464408155108678,2.565138484806106
2025-07-07,1.0939741432722483,2.060676688307646,2.5735348441767294
2025-07-08,1.0923215669531214,2.071430393046868,2.586233408300445
2025-07-09,1.0947985667290396,2.071112048885,2.5926392869148183
2025-07-10,1.1022305313651504,2.0818432526158284,2.605347310038569
2025-07-11,1.0979338777499936,2.074573400228921,2.608936484680961
2025-07-14,1.1038278990563917,2.0857585758283563,2.6314333127603406
2025-07-15,1.0972303819720006,2.080914182320893,2.610991026685082
2025-07-16,1.0965306658324494,2.078986957837405,2.6135548983984362
2025-07-17,1.1051992698987931,2.0885717080096966,2.6413512502613563
2025-07-18,1.1116546591564673,2.0847579575277306,2.6451164410221515
2025-07-21,1.1172370507868064,2.079311440252291,2.656334593652651
2025-07-22,1.1167146555748375,2.1101777426857,2.6381545949474106
2025-07-23,1.1174262003547546,2.1046210292937357,2.6421499733136673
2025-07-24,1.1273909988594497,2.1171472864143563,2.6576416268483953
2025-07-25,1.1260766836587663,2.1164543362214983,2.6528088157108978
2025-07-28,1.117270912558436,2.103828778183098,2.6420241985808177
2025-07-29,1.1170886927109251,2.102785563779165,2.670542908268735
2025-07-30,1.1185580056986404,2.079713522126974,2.6678576977115123
2025-07-31,1.120271588369148,2.1015143886895213,2.706312841780523
2025-08-01,1.1107853327004613,2.079689654750448,2.679691390098392
2025-08-04,1.114982178811258,2.076060557769123,2.720512249563121
2025-08-05,1.1188933989367953,2.0526912927615943,2.7135975624798387
2025-08-06,1.1191247770556871,2.025959810124214,2.732853850729143
2025-08-07,1.1164066316055463,2.0346056586086907,2.707363555510258
2025-08-08,1.1161447248890437,1.9805108895705317,2.7078840815705894
2025-08-11,1.1162337338423154,1.9722543080844754,2.727038429459055
2025-08-12,1.1161935040060011,1.9321895990551095,2.749262528784176
2025-08-13,1.1178399869110913,1.9287504126767727,2.7296131608942056
2025-08-14,1.1194054226718075,1.9298294330573853,2.7465555657504535
2025-08-15,1.116487414727574,1.93419549954569,2.713410045859873
2025-08-18,1.1158636548122651,1.935864411727455,2.7283568692601703
2025-08-19,1.1233006162540429,1.9504043827685542,2.707707005037091
2025-08-20,1.1343966016539688,1.9745224515850828,2.707402945391186
2025-08-21,1.1327495459918009,1.959572317570651,2.7174298155552514
2025-08-22,1.137252971939222,1.9576428414749643,2.7364659088299796
2025-08-26,1.1284438873126081,1.9246815825876593,2.7372548955005604
2025-08-27,1.1272350443602739,1.929912146526591,2.7277843856805952
2025-08-28,1.12203188500041,1.9112843266516133,2.7188711966689967
2025-08-29,1.1173124774263372,1.8969795891604584,2.706168989607668
2025-09-01,1.1134190769815533,1.8945510515908122,2.7275549101852556
2025-09-02,1.0950447846883378,1.8822644059411424,2.6815558341491226
2025-09-03,1.1002717490451643,1.8919296316694962,2.703739405192827
2025-09-04,1.1087864121161737,1.9105461047073309,2.716611595127094
2025-09-05,1.1155247577241127,1.9144017842738232,2.7151864984566365
2025-09-08,1.1190070624764659,1.9146858967814486,2.7417857410136697
2025-09-09,1.1170220367092627,1.919109613958898,2.7603905330531995
2025-09-10,1.1111522290679308,1.885346047474549,2.7654885725459506
2025-09-11,1.1173947122779864,1.90949452461847,2.796746210917265
2025-09-12,1.117196138304721,1.9112101996090776,2.8063285549800954
2025-09-15,1.1188407866915493,1.9009473110086166,2.8342075152662707
2025-09-16,1.1103798048814706,1.8998342191676585,2.801734083751015
2025-09-17,1.1154319276784208,1.9044420499448906,2.8097575446681637
2025-09-18,1.1199746624323037,1.9232092176813869,2.8263645232137806
2025-09-19,1.118824835078255,1.912033112180901,2.8169992657454657
2025-09-22,1.1176685110912317,1.9012126933225362,2.8321516688674895
2025-09-23,1.1212627454039434,1.8893257301114617,2.840324306667024
2025-09-24,1.1219599306492456,1.8861955093078677,2.8591470732702984
2025-09-25,1.1167474439832723,1.8858211987482385,2.843100071761514
2025-09-26,1.1230973381656122,1.898478819614274,2.877142595891079
2025-09-29,1.1303815672961883,1.9106627212530307,2.878770167124469
2025-09-30,1.1379407236982892,1.929220905224354,2.9131595535616097
2025-10-01,1.1400393497480337,1.9103667086531033,2.914871633859767
2025-10-02,1.1408973676184984,1.9115782586106878,2.909709040728037
2025-10-03,1.144647798825803,1.9135731048138804,2.936985880261169
2025-10-06,1.142305512673172,1.9177592252316016,2.9293061174723016
2025-10-07,1.1418601789845142,1.8991770956314913,2.9242871489574807
2025-10-08,1.1455811508284348,1.9159868894349097,2.956800824326619
2025-10-09,1.1456316541286677,1.9033723961407742,2.943252006772111
2025-10-10,1.1369035674530283,1.9175381682744257,2.910156583832626
2025-10-13,1.1421864634648884,1.933543441570226,2.9238804578138935
2025-10-14,1.1410710991680408,1.9405199926682748,2.9163444481434038
2025-10-15,1.143702246240361,1.9276225364437536,2.8891020207512423
2025-10-16,1.1433730875320236,1.922257030412475,2.9033775768158843
2025-10-17,1.1367565301263054,1.9118321714983688,2.8332799687075343
2025-10-20,1.1405801729816945,1.9283945366878976,2.862280829249524
2025-10-21,1.1463206435053983,1.9565603822482813,2.8614394450953466
2025-10-22,1.1605945218582112,1.987117590101769,2.876595285651494
2025-10-23,1.1671787544421612,1.9622073738430157,2.9034696781825144
2025-10-24,1.176102916365811,1.9886820646860277,2.9292001301809054
2025-10-27,1.1771586496774478,1.9803124912793724,2.9424195307580336
2025-10-28,1.17776963015357,1.9787587143774417,2.975506994989847
2025-10-29,1.1794064396937516,1.926772726409391,2.993225480414744
2025-10-30,1.1780164983746202,1.9270323763782617,3.0087056477029908
2025-10-31,1.1714147068471414,1.9188993618062764,3.0030396059206246
2025-11-03,1.167293362589612,1.9245258998025312,3.0085513981453285
2025-11-04,1.1643116702120833,1.9222920601468303,2.992187972968554
2025-11-05,1.1733997349791305,1.942074771966988,2.9998407933822993
2025-11-06,1.1652917605482165,1.884587028526063,2.9799987387714575
2025-11-07,1.1555880747680933,1.8579131608556054,2.956852787094926
2025-11-10,1.1641948445379793,1.8497242118121067,3.0157245331605584
2025-11-11,1.1734588213393613,1.8835368827663252,3.0177399727709746
2025-11-12,1.1752457691015052,1.8573433277805116,3.0279109391895784
2025-11-13,1.1639559524379404,1.8400589246362327,2.991803502190512
2025-11-14,1.1504600966966014,1.8171365245612519,2.9457607821168943
2025-11-17,1.1443131499906736,1.810769950746863,2.9236974809761644
2025-11-18,1.1335417297291366,1.8042347390052853,2.8816464684484946
2025-11-19,1.1314153779121792,1.8023385664252096,2.85778951382282
2025-11-20,1.1366257669048874,1.802509263158839,2.881813652117064
2025-11-21,1.1366111906162488,1.8085132073612555,2.8639803039824447
2025-11-24,1.13788334590637,1.8136045932298732,2.8738633183490547
2025-11-25,1.1488508213532378,1.7998813063168928,2.8967342782967926
2025-11-26,1.1616191688817525,1.7718422408449956,2.9436512096915077
2025-11-27,1.1615197875254593,1.7784098889079798,2.961447319400034
2025-11-28,1.1619661650397122,1.7783190912950932,2.9690012717151495
2025-12-01,1.1593869578690155,1.7639589172219505,2.9522004173838265
2025-12-02,1.1589308711600848,1.7565184248330838,2.964118274509443
2025-12-03,1.1591343713755577,1.756791865577626,2.961369169825526
2025-12-04,1.1626487745806466,1.7702439042249942,2.9903048161914167
2025-12-05,1.1613369068462336,1.7759714600337075,2.9704271621016534
2025-12-08,1.1541403949669278,1.7592042277725264,2.9887524733669824
2025-12-09,1.1521240129002528,1.767155898950129,2.9933585760941694
2025-12-10,1.1494962071708472,1.7586407352384414,2.994352182012198
2025-12-11,1.1525143778307223,1.765706296303402,3.0068022086073722
2025-12-12,1.146747643767646,1.7616581755430951,2.9979559781784806
2025-12-15,1.1576344784788672,1.7856957917978262,3.041783195296391
2025-12-16,1.157445343633514,1.771788091411673,3.0223627984696457
2025-12-17,1.1634176366573814,1.7851937000440807,3.039073914107966
2025-12-18,1.1724604547641992,1.8044408278791462,3.0744647333228534
2025-12-19,1.1742024851334085,1.794640710894125,3.1060543671626926
2025-12-22,1.1701333654387205,1.8005495475444444,3.1026589435650576
2025-12-23,1.1713383100105677,1.7881751319538897,3.1082084509607766
2025-12-24,1.1713158626160043,1.779543832467466,3.0970911632423
2025-12-29,1.1718206594432827,1.7823584941391921,3.088417105774542
2025-12-30,1.180295191108229,1.785806242638493,3.132383675653775
2025-12-31,1.1777097467472013,1.7790560446863202,3.1264530423397825
