Date,Cluster 1,Cluster 2,Cluster 3
2021-01-04,1.0,1.0,1.0
2021-01-05,1.0001425566481257,1.0236839587049997,1.0094956436954525
2021-01-06,1.022860323697811,1.0560657855532516,1.054668992796323
2021-01-07,1.0222215261735461,1.0661441253611224,1.0555583776660313
2021-01-08,1.0236842569045865,1.0477332672027004,1.0523893329306535
2021-01-11,1.0114905531973344,1.0164529730844065,1.037575165206719
2021-01-12,1.0000252229940818,1.0163068886303108,1.0403008220080452
2021-01-13,1.0013987246621288,1.0075295102747006,1.033449394507656
2021-01-14,1.005676850510076,1.0331086900931532,1.0463649362894405
2021-01-15,0.9954569589716704,1.0032453894171927,1.031779591172967
2021-01-18,0.9955925660728493,1.0042674990845009,1.0262793182484709
2021-01-19,0.989850652182407,0.9996481442867194,1.0195148338835416
2021-01-20,0.9984699449768778,1.013791439972235,1.0335753946091926
2021-01-21,0.9979182751602846,0.9898287562590937,1.0312157248583425
2021-01-22,0.9929536557965483,0.9856739105742229,1.0227930497994429
2021-01-25,0.9863197253337306,0.9493965014498412,1.001454984366138
2021-01-26,0.9859456901874949,0.9543715567432189,1.0121613242461422
2021-01-27,0.971338340724105,0.9143252270825482,1.0069963595876645
2021-01-28,0.9715159363119197,0.93688373397115,1.006024958688942
2021-01-29,0.9553277224597088,0.9147747493173942,0.9914961930072376
2021-02-01,0.972042133148009,0.9362387698926153,0.9980176906966781
2021-02-02,0.9827687225204511,0.9410757049546882,1.0092793825696849
2021-02-03,0.9807549897069228,0.9230239126732718,1.010397432113185
2021-02-04,0.9814975380584477,0.9303517473679592,1.0177113265705733
2021-02-05,0.9820361315659819,0.9344500471503614,1.0255473925075986
2021-02-08,0.9837821479741304,0.92845030783767,1.0301596885164295
2021-02-09,0.9838707890526013,0.9232098076890518,1.0293392854017271
2021-02-10,0.9807717738985502,0.9258419050671871,1.0271150430868778
2021-02-11,0.9864556726583571,0.9125778256768762,1.0255542568579321
2021-02-12,0.9922140139198583,0.9187556331116367,1.0315362889539068
2021-02-15,1.0095863808049281,0.9359957227966491,1.0636249410252503
2021-02-16,1.0061643429969482,0.9514186589612939,1.0672919834792725
2021-02-17,0.9966647427250964,0.9587542835793554,1.0564767560773263
2021-02-18,0.9867988109493417,0.9137040579704083,1.0394265460975574
2021-02-19,0.9897033101469423,0.9345611660137914,1.0475108446646757
2021-02-22,0.9808967336678547,0.9518847876496592,1.0602650943335759
2021-02-23,0.9805738040732606,0.9552397397432324,1.0693050336957786
2021-02-24,0.9846488011127429,0.9724790753691788,1.080473540986503
2021-02-25,0.9785996711869182,0.9674681784164776,1.077329948198454
2021-02-26,0.9530377612030193,0.9308187151546455,1.0572862278377968
2021-03-01,0.9713443502701371,0.9462860739313905,1.073527839446532
2021-03-02,0.9728936365090466,0.923426599034394,1.0770507721065419
2021-03-03,0.9785749499520618,0.9581943365905766,1.0951626475815526
2021-03-04,0.9708389224383793,0.9679557403173686,1.0884142284917224
2021-03-05,0.9601228085982461,0.9595272391911832,1.0850219263364314
2021-03-08,0.96920343918212,0.999683896685881,1.1090217336342632
2021-03-09,0.9794283080847433,0.993402204312718,1.1091540701638114
2021-03-10,0.981082485679622,0.9909232272529864,1.1040373887310388
2021-03-11,0.9856064069717771,0.9964386445977675,1.1043379443889108
2021-03-12,0.9857489962220578,1.0007061067119314,1.1110044806322192
2021-03-15,0.9854726906221744,1.0299021173803036,1.1099269522809536
2021-03-16,1.0008006339211901,1.0714329779434113,1.1166218464529805
2021-03-17,0.9897962672165531,1.0875906174557026,1.1134172021100597
2021-03-18,0.9926009258999018,1.0747515218270456,1.1156019519485856
2021-03-19,0.9847075761899893,1.0340736851969237,1.102651628685067
2021-03-22,0.987985491026096,1.0036265651862788,1.095408308745211
2021-03-23,0.9862914818003397,0.9708301183054415,1.0846190149285908
2021-03-24,0.9874531674767737,0.9822722208552146,1.0932386041153
2021-03-25,0.9849499734372105,0.9728245251571719,1.0859556596581132
2021-03-26,0.9927065595268425,0.9702726181097863,1.0985943652721988
2021-03-29,0.9889485667907938,0.9646278252336252,1.0934034489233764
2021-03-30,0.9956354334844106,0.9693631988124454,1.108320500471431
2021-03-31,0.9914575461686663,0.9609941586841793,1.099584971340345
2021-04-01,1.0027459881772098,0.9850901762787931,1.1081058353707767
2021-04-06,1.0137714442317474,1.0095056604584813,1.1201340781434241
2021-04-07,1.0226465501704476,1.0051689890189341,1.1325606031837097
2021-04-08,1.032307832302972,1.001486854357587,1.137030033025517
2021-04-09,1.0342049687367898,0.9953329290389297,1.131553634406648
2021-04-12,1.0290059945396541,0.9956332628873963,1.132146922554746
2021-04-13,1.0339045345989908,0.9832776849882126,1.13898968119666
2021-04-14,1.035026433143255,0.9842911503143382,1.1437149276310234
2021-04-15,1.044176927077927,0.9807058779361192,1.1404344403100652
2021-04-16,1.0498825576339603,0.9606874690897964,1.1479556136026934
2021-04-19,1.0469127661390718,0.9669700158807675,1.1479349674322938
2021-04-20,1.0306687662759184,0.9318274464207634,1.11425157715549
2021-04-21,1.031958399284989,0.932227039948182,1.1203301918070134
2021-04-22,1.0417458311271526,0.9473392542276774,1.1257531738711946
2021-04-23,1.0409879872318792,0.9430233240016124,1.1254171446564964
2021-04-26,1.0451786099343943,0.9732033906801425,1.1435632053766958
2021-04-27,1.0404334572288543,0.9479206497484697,1.1407375469692407
2021-04-28,1.0379131190922455,0.9413108464490502,1.1487112233547208
2021-04-29,1.0375877852027626,0.9344469041372867,1.1473833587340703
2021-04-30,1.038820828582955,0.9257323389519703,1.1470652703769533
2021-05-04,1.0299128576298413,0.920734874018667,1.1343718531207485
2021-05-05,1.0409454889453325,0.9372855638040101,1.151680163016118
2021-05-06,1.0457464919043051,0.9419526326546268,1.1559969813961728
2021-05-07,1.0535661233536822,0.9720691307754143,1.171412534306935
2021-05-10,1.0491335153118329,0.9904117211759693,1.1701317717979016
2021-05-11,1.020824555171717,0.9571625504260246,1.1363229620483852
2021-05-12,1.022136182822253,0.9654196278253215,1.144655657643257
2021-05-13,1.0199627641933846,0.9528703887482864,1.1391558332571206
2021-05-14,1.033848325712115,0.9764295971813564,1.1579338632871916
2021-05-17,1.0297924333935586,0.9497538452821954,1.1532876885474799
2021-05-18,1.0311304587869996,0.957756709728474,1.1582786654285309
2021-05-19,1.0214600380309453,0.9884801309333688,1.144306735385072
2021-05-20,1.0344519345397347,0.9806186279797584,1.1527355317938446
2021-05-21,1.0326259271134253,1.0014933257817333,1.154624098510815
2021-05-24,1.0375904031015277,1.0286028563218446,1.1622159648678292
2021-05-25,1.0364332288267537,1.0205918401443244,1.1605423873621077
2021-05-26,1.03961405133239,1.0221756460452016,1.166629407630672
2021-05-27,1.0380746455137302,1.0506688261228891,1.1713192033169377
2021-05-28,1.0416485995577012,1.0553930074265896,1.1654805488035511
2021-06-01,1.0513646142731001,1.0646953357592661,1.1737377319655002
2021-06-02,1.0529152375821196,1.0686794106355004,1.1786273680006545
2021-06-03,1.045731144802667,1.0436903710377652,1.1716284038515257
2021-06-04,1.047129233917661,1.0379940562967902,1.1694506113084016
2021-06-07,1.0504472921053776,1.0581173920077744,1.1752845239096052
2021-06-08,1.0550823665028584,1.0741549038508205,1.1737479713316699
2021-06-09,1.048566828178171,1.0781358008540969,1.171126241140954
2021-06-10,1.047471868745862,1.0609353474313528,1.1667709168762734
2021-06-11,1.0556778541178482,1.0652957768669578,1.173420172370271
2021-06-14,1.052546188225376,1.0644172644514478,1.1706652587898816
2021-06-15,1.0532964712578363,1.06751804056234,1.172211918584134
2021-06-16,1.056656018884564,1.0780276829074436,1.1749302201433303
2021-06-17,1.0536602144240244,1.0832316744873807,1.1733336388636133
2021-06-18,1.0357149343068186,1.0602744416982026,1.1501479307959819
2021-06-21,1.0445736506113097,1.0736227305009958,1.1606227285544248
2021-06-22,1.0508923366525043,1.0775034764371745,1.1650308986433442
2021-06-23,1.0467995625450242,1.0810522640080151,1.1603602393049852
2021-06-24,1.0484865034646478,1.0672718288024496,1.1588559977111568
2021-06-25,1.0520990036633133,1.0651687638715182,1.1610675971470785
2021-06-28,1.0445654321423958,1.0377382607386545,1.1458834452564364
2021-06-29,1.0457087282579183,1.0267966594992286,1.1447227382442244
2021-06-30,1.0369692582735712,1.0300832197148897,1.1390354777817784
2021-07-01,1.0490375580979612,1.055875947506867,1.1584270868268045
2021-07-02,1.0519670729037065,1.087160123377814,1.1574554707079499
2021-07-05,1.059354455063844,1.1037059502158852,1.1699352322035037
2021-07-06,1.0548574901553203,1.0882942829238003,1.157770120547003
2021-07-07,1.0641713983202583,1.0682678966456525,1.1613111079025435
2021-07-08,1.0448008896056635,1.0674927026179295,1.1431093332069044
2021-07-09,1.0595605992013286,1.084422924835601,1.1601212080473005
2021-07-12,1.0616932580538239,1.0597583388902574,1.1591937316178311
2021-07-13,1.066102786566196,1.0412417865990742,1.1540588168285972
2021-07-14,1.0597550574170975,1.043680976858424,1.1497896838535624
2021-07-15,1.0494202068859815,1.0366516298475068,1.134138619245244
2021-07-16,1.0509131117805608,1.045953958180183,1.1296191627801273
2021-07-19,1.0281264475371017,0.9887247648553603,1.0942217085925392
2021-07-20,1.0336500471290269,1.0205696320039548,1.102909112510463
2021-07-21,1.0539174430542,1.0642235816227472,1.1301553513385396
2021-07-22,1.0588019165440892,1.0452343183080406,1.1293692515810008
2021-07-23,1.0683553134724972,1.0616843512073109,1.1400584254569017
2021-07-26,1.0666464167766188,1.0684187938676488,1.147282831358977
2021-07-27,1.061137444152278,1.078573365656177,1.1428357115399423
2021-07-28,1.0669763607403786,1.0951916061106577,1.1469658766332504
2021-07-29,1.0693807597060205,1.1098122380791469,1.1584173723440565
2021-07-30,1.0627112197395365,1.097845161791004,1.1444683570081904
2021-08-02,1.0723306609600805,1.1136515992903384,1.1495756413245308
2021-08-03,1.071207798576988,1.1038077124166226,1.1554653220485185
2021-08-04,1.0788784491303665,1.1073119400462836,1.158574433863028
2021-08-05,1.081968126981252,1.1723059509977702,1.1652705807796244
2021-08-06,1.078310355927828,1.2225395162333341,1.1696069498554555
2021-08-09,1.0778956540923874,1.1727506974350526,1.1703902141874305
2021-08-10,1.080731193671475,1.1863214056881064,1.1792849321048107
2021-08-11,1.090285845326361,1.1882386495439317,1.1886898028417778
2021-08-12,1.0869119276387076,1.1840926858880656,1.1872708061236188
2021-08-13,1.0913999581554676,1.1739086519474335,1.1894965856463342
2021-08-16,1.0839458697044242,1.1560824807505385,1.1819498531872918
2021-08-17,1.0831610420602935,1.162150561761771,1.1790184452977817
2021-08-18,1.0829465990605514,1.162234697233579,1.1795432683973333
2021-08-19,1.0700574911105225,1.1388566106754907,1.1601184151984543
2021-08-20,1.0761833227932607,1.138639067381536,1.1714699688600485
2021-08-23,1.07968111418448,1.14696763003876,1.1758363398950273
2021-08-24,1.081069105479237,1.2132259670970158,1.184498167609508
2021-08-25,1.083364881082891,1.2102427944827343,1.191386744997907
2021-08-26,1.0790118393200698,1.213126040508706,1.1886294568199474
2021-08-27,1.0818115906605383,1.2164205781561916,1.1913710025876942
2021-08-31,1.081000822248955,1.2409184646644567,1.1856750804604868
2021-09-01,1.0915042237589532,1.2273717019159114,1.190879544607819
2021-09-02,1.088661998509572,1.2133243507073106,1.1943833928335787
2021-09-03,1.0866850177402794,1.1920019662829162,1.1895553417021898
2021-09-06,1.0932156236118427,1.194468769872909,1.1942573974984174
2021-09-07,1.0874707064645464,1.1773732433148263,1.188608201904087
2021-09-08,1.07874085246511,1.175116029348266,1.1766352132681823
2021-09-09,1.073052325546562,1.1878875610987514,1.172010711488257
2021-09-10,1.0746138343312976,1.1847105899775388,1.1695812211884302
2021-09-13,1.075391625733803,1.1748993536420254,1.180767189814499
2021-09-14,1.0745994067337323,1.146908747472108,1.1740670180074755
2021-09-15,1.0660892643691378,1.109504114307306,1.1697096981323005
2021-09-16,1.0728535612753014,1.1587194014488436,1.1776948452139646
2021-09-17,1.0624026191243834,1.168938309063214,1.1800188586668368
2021-09-20,1.048793943493702,1.163840763564651,1.1674622798016363
2021-09-21,1.0619857335889364,1.1809998718895105,1.180022451617493
2021-09-22,1.0736390057904428,1.236219671484538,1.1994199822036455
2021-09-23,1.0707010823125998,1.2494456338292932,1.2029957798183655
2021-09-24,1.057393803748402,1.2788426531683208,1.2014197820377084
2021-09-27,1.0504919904105945,1.3530592688599186,1.2108444328099701
2021-09-28,1.0335444897065822,1.3231493964161245,1.1988142784916433
2021-09-29,1.0391793640805078,1.3464831448550552,1.2105434194734155
2021-09-30,1.0328375091688373,1.3158580940514208,1.2064149249076441
2021-10-01,1.0259266300290162,1.3348711391234884,1.2065088413954126
2021-10-04,1.017859032586977,1.3321054094444187,1.2029763907702007
2021-10-05,1.0238916207378355,1.353605951797355,1.2180420702961752
2021-10-06,1.0093256042951284,1.329077650470889,1.2010469685031966
2021-10-07,1.020822925604328,1.3522381699737198,1.2086571575734797
2021-10-08,1.0185936094452914,1.3544175672440508,1.2163742863603644
2021-10-11,1.0187530926002353,1.3523859479439442,1.2262404637561057
2021-10-12,1.0185926154577485,1.34309163401343,1.2242100596851382
2021-10-13,1.0290495201032792,1.3263471826914932,1.2192879051027135
2021-10-14,1.0385425579265213,1.334305524166929,1.236671005407245
2021-10-15,1.040789459238214,1.3315351824374435,1.2397043963968912
2021-10-18,1.0375421680492476,1.323872214161225,1.22520124598347
2021-10-19,1.0429557378328473,1.32558143724339,1.223822560204178
2021-10-20,1.0425932942369263,1.3256989667993262,1.2255818210742941
2021-10-21,1.040679818626237,1.2990674531836062,1.2190651595175355
2021-10-22,1.0435460064772741,1.2751789573059376,1.2130996983831865
2021-10-25,1.0444975885323255,1.274253607567974,1.2201381828846625
2021-10-26,1.0551792339205723,1.289257876831734,1.2250754466383917
2021-10-27,1.0542441103048052,1.2719213560801705,1.221292166054261
2021-10-28,1.0544667587556995,1.2659952862366666,1.2242493429166137
2021-10-29,1.0514418618427461,1.261024003153429,1.2235044164109525
2021-11-01,1.0579135106576536,1.281796671285237,1.2355747464010363
2021-11-02,1.0579699036630184,1.2768176748760645,1.2276840002825535
2021-11-03,1.0566765348771536,1.2819230920539482,1.2259258371727726
2021-11-04,1.0717262331946003,1.278361417288179,1.2296197869116454
2021-11-05,1.0738235798641735,1.3328397495121826,1.2536405595303426
2021-11-08,1.0721716193545912,1.3197440811315637,1.2507320010187575
2021-11-09,1.0667401516154782,1.3534717646828238,1.2447744065914574
2021-11-10,1.0779522255734757,1.3690563855460756,1.2655176772504104
2021-11-11,1.0866173750932004,1.3832911100267498,1.2747868457004268
2021-11-12,1.0913662061967535,1.3500642058075356,1.2699175728614298
2021-11-15,1.0895307614356247,1.3387953039005953,1.2726023743094108
2021-11-16,1.0886353821890675,1.338407780827408,1.2692994445461445
2021-11-17,1.079800973973362,1.3297456428059249,1.2682528841392409
2021-11-18,1.0824040854690775,1.3569204551911278,1.2669126364372394
2021-11-19,1.0809049318653279,1.3410279838808765,1.2535202572146311
2021-11-22,1.0809819125615223,1.33769640945293,1.263286060734146
2021-11-23,1.071983735114051,1.3288717970719348,1.2632168076454902
2021-11-24,1.0756598264387849,1.316603572224851,1.2615811514726456
2021-11-25,1.0797596060459507,1.338650921555037,1.2671835587265998
2021-11-26,1.050884912551818,1.2251552445466105,1.200251312641428
2021-11-29,1.0604110022569078,1.2346286803659887,1.2163978743041313
2021-11-30,1.0477026872818604,1.2256102932393658,1.2055581345514963
2021-12-01,1.0638136536697433,1.2604627135485171,1.2278162133787593
2021-12-02,1.0524344744069305,1.2660896637741885,1.2215745899620658
2021-12-03,1.0524670204316133,1.2765909740683299,1.2221014474982217
2021-12-06,1.0672009219248995,1.2793504919774104,1.2428211372843387
2021-12-07,1.084038266628066,1.2944440343184092,1.2605352123855176
2021-12-08,1.0838973088531747,1.2684759541909427,1.2542044708407118
2021-12-09,1.082976486753507,1.2556472354201569,1.2482098903663819
2021-12-10,1.0763614855395323,1.2532989623167587,1.2422296770454513
2021-12-13,1.0693681414582894,1.2142494327920956,1.2257582160749816
2021-12-14,1.0591811650851157,1.2135787140146932,1.2253500802244348
2021-12-15,1.0552182716660248,1.1878784663279776,1.215269671986438
2021-12-16,1.060334873790405,1.187163111011956,1.2353946896049666
2021-12-17,1.0641139182986563,1.185881599318561,1.2329508181970423
2021-12-20,1.0541469071122722,1.1681937226523873,1.2197920270911546
2021-12-21,1.0665517392446866,1.2051778763584058,1.2425047243973324
2021-12-22,1.076059949125862,1.216933040194509,1.255711996282376
2021-12-23,1.0808512325657298,1.220027160109801,1.2655960089312264
2021-12-24,1.0812459811655584,1.2197069645954621,1.2670703040674824
2021-12-29,1.0923385559438186,1.2513010513860419,1.2793867255501452
2021-12-30,1.0912824665715692,1.2628539209171041,1.2788382496792428
2021-12-31,1.0886248931386824,1.2791016713518686,1.2760818880356513
2022-01-04,1.0982805086755223,1.2904322278117175,1.3142817787317818
2022-01-05,1.0971753888037539,1.2966860427483478,1.3200112707596132
2022-01-06,1.0794115644834639,1.2824570546620189,1.317168680476361
2022-01-07,1.0784652994428454,1.2776053354344072,1.327467067660774
2022-01-10,1.0644874111998581,1.27028658548125,1.319918668330598
2022-01-11,1.0690946279673879,1.257250842962041,1.3252154243949288
2022-01-12,1.071542329606332,1.264047948956399,1.3319037242034963
2022-01-13,1.0647405395136702,1.2713002779429288,1.3331128042129432
2022-01-14,1.0522999837210467,1.2552823663968615,1.3348858311301466
2022-01-17,1.0621000080162362,1.2560205500621915,1.3495253166663592
2022-01-18,1.0534122674053872,1.2425600998079853,1.3443143410508933
2022-01-19,1.0590008267201712,1.2196926954326692,1.344238953214635
2022-01-20,1.063052380432971,1.2184036077424187,1.3391975482116087
2022-01-21,1.0467256091013226,1.1834466752126094,1.3190894056554001
2022-01-24,1.0158547213097728,1.1287526623516904,1.2721841305186397
2022-01-25,1.020533039025645,1.1646481830699893,1.2944486183712405
2022-01-26,1.0280617548452702,1.1866805547058816,1.3158209841790942
2022-01-27,1.0321340371795735,1.1687398470545542,1.322881443289849
2022-01-28,1.0255977333570618,1.1452463736494891,1.304478190357476
2022-01-31,1.0334934371607476,1.1565162085667189,1.3120766971616085
2022-02-01,1.04038581233077,1.1688746764716678,1.329059766742502
2022-02-02,1.0484836741245571,1.166466440536523,1.3387077071872553
2022-02-03,1.0328105564029286,1.1604226332308687,1.3336276389640584
2022-02-04,1.0215046688057248,1.144777079555244,1.3233108661278765
2022-02-07,1.0235852358871464,1.16748773275636,1.3334312922460136
2022-02-08,1.0244463774968198,1.1754334715405208,1.3299175375465642
2022-02-09,1.0393494847813445,1.2119997242452565,1.3459280699984837
2022-02-10,1.0405349352305238,1.2332349933053721,1.3536144718599221
2022-02-11,1.0321361507152669,1.2334354849782403,1.3513870114175477
2022-02-14,1.0173325670585884,1.2130124836966458,1.3227764849318562
2022-02-15,1.0272582732899092,1.2478421628061969,1.3415064945362056
2022-02-16,1.025338317142296,1.2546251105487733,1.3377441518971533
2022-02-17,1.0170866473944506,1.2088238200998729,1.3212014536049361
2022-02-18,1.0136484645636679,1.184496408056055,1.316836928198616
2022-02-21,1.0039162111269448,1.1354461864789143,1.3098190113676633
2022-02-22,1.0047804452522882,1.187507874119371,1.313830620118163
2022-02-23,1.0030555175182192,1.1785788472196952,1.3097948588175454
2022-02-24,0.971341880592352,1.0395861366308492,1.2537233753995212
2022-02-25,1.0055913223119104,1.0648911241571395,1.3076473311827805
2022-02-28,1.0128349525251974,1.041733072200798,1.298392662694266
2022-03-01,0.9886230727795486,0.947483161970172,1.26851559590292
2022-03-02,0.9970445447156049,0.9752077190610702,1.290714941373084
2022-03-03,0.9694553465003164,0.9546395247135255,1.249515034795549
2022-03-04,0.9389184750024785,0.8790587608757476,1.1954722314417683
2022-03-07,0.9290423231219501,0.8315589273540531,1.1866174095540136
2022-03-08,0.9234400644479462,0.882170994736148,1.195717609177346
2022-03-09,0.9630724690724102,0.9229408755229165,1.2418916288560509
2022-03-10,0.951209495680343,0.9101017798942597,1.2373114747496277
2022-03-11,0.9587410698957438,0.9195456941983919,1.2563513974347873
2022-03-14,0.9717245686573975,0.929052271836544,1.271340203589545
2022-03-15,0.967588214938705,0.9086188197564045,1.2685823871178177
2022-03-16,0.9931328617928221,0.9204813838238892,1.292451228506619
2022-03-17,1.003004442471726,0.958865111522983,1.2978371045624417
2022-03-18,1.0106791055838658,0.9335238327180699,1.300306473317585
2022-03-21,1.0072307628762311,0.940514911518775,1.3087157143680423
2022-03-22,1.009394572790257,0.9478830863554256,1.3163594879563774
2022-03-23,0.9970778470353426,0.9354761503385756,1.3151082296432774
2022-03-24,0.9974326523909622,0.9366390153208342,1.312467038951232
2022-03-25,0.9976840071060739,1.0173341109687661,1.3098103490661055
2022-03-28,1.0022960121790103,0.9652765208376296,1.306221539850938
2022-03-29,1.0224438866627585,1.0215494125569746,1.3182987749649375
2022-03-30,1.017595013591328,1.0002486185701833,1.3092202817098328
2022-03-31,1.0073494535113638,0.9768150710265278,1.2992331203967988
2022-04-01,1.0094872211087536,0.9782715217799064,1.2988049491126352
2022-04-04,1.0148028838302698,0.98470772765333,1.3028169495626039
2022-04-05,1.019522582584134,0.9641735183283751,1.3049265081476669
2022-04-06,1.0100902183406395,0.9535146004471836,1.2971576216532634
2022-04-07,1.0052882749417005,0.9468694203118154,1.2912089859059601
2022-04-08,1.0129595308610209,0.9568899153737979,1.3076894941625907
2022-04-11,1.0052159753650138,0.9611982194236361,1.3073182458310941
2022-04-12,1.0011568615000492,0.9392353046464437,1.3066683534953558
2022-04-13,0.9982799429595961,0.9469569911156237,1.3088824710259455
2022-04-14,1.0030253441804653,0.9568709318068054,1.317410937204298
2022-04-19,0.9971188465809105,0.9644405313266131,1.316527579365503
2022-04-20,1.0029326770308578,0.9715798390853405,1.3259474439518328
2022-04-21,1.0053330303278223,0.9910860366064531,1.3327909982291306
2022-04-22,0.9922813317405833,0.9626166766249615,1.3118983174201255
2022-04-25,0.9813816715495539,0.9347324830059043,1.2868354221597051
2022-04-26,0.9761811128296669,0.917454867955753,1.2795489181088275
2022-04-27,0.9774432557563492,0.9049738240644088,1.2837869477925141
2022-04-28,0.9835858699102338,0.918497957812632,1.3053983199988501
2022-04-29,0.9870975893826812,0.9069232668832248,1.3114741198100883
2022-05-03,0.9791154967207132,0.916251285157865,1.3206907480301315
2022-05-04,0.9641361418061165,0.8983856316003553,1.3122950487080767
2022-05-05,0.9633932538503255,0.8805570517936436,1.3069174231513805
2022-05-06,0.941326368823703,0.8687097268695778,1.2883139815510753
2022-05-09,0.918959686536887,0.8558410225759667,1.2541074959382081
2022-05-10,0.9229760826014799,0.8570893053008797,1.2549829083945612
2022-05-11,0.9340088816147721,0.9114424130457339,1.277331110079987
2022-05-12,0.9268083697520526,0.9148862130202735,1.2577930060065274
2022-05-13,0.9494401052696587,0.935051658360246,1.2885816788146436
2022-05-16,0.9520949866521824,0.9516671763812987,1.2985570822074894
2022-05-17,0.9577692188752654,0.9509556658475931,1.3161822309836744
2022-05-18,0.9447472492383326,0.9723513169377067,1.3125132885375586
2022-05-19,0.9266272106269661,0.9573140062139149,1.2892667242651106
2022-05-20,0.9381642202326493,0.979166774564995,1.3023375032468016
2022-05-23,0.9509045900265759,0.9881812667299308,1.328702982153072
2022-05-24,0.9415340159675414,0.9823740046879453,1.3225872091638395
2022-05-25,0.945252658410586,1.0072391456945626,1.3327718040625771
2022-05-26,0.9546189746905722,1.029584892902046,1.3450618658974525
2022-05-27,0.9596451870899823,1.056457549777344,1.3504902481417305
2022-05-30,0.9682689939956999,1.0829319343614483,1.3504589666353188
2022-05-31,0.9608765072510723,1.0775274847154406,1.3457674978345204
2022-06-01,0.9504042137033124,1.0939700670261674,1.3418986281226322
2022-06-06,0.9629321552610755,1.1232886285511336,1.3611299688217462
2022-06-07,0.9550758308194786,1.1206125971455756,1.3578896807480512
2022-06-08,0.9526258486039528,1.1125224107973026,1.3488046460002632
2022-06-09,0.9384415547036101,1.0910943132108826,1.3343592929528678
2022-06-10,0.9196251556178957,1.0633296834474513,1.3028409385486488
2022-06-13,0.9028839166269145,1.0446737340478789,1.2735355003687165
2022-06-14,0.8921125347839024,1.0285569814569455,1.2762976989295947
2022-06-15,0.9108315581492553,1.05591506760986,1.290193253692351
2022-06-16,0.8831039711288011,1.0204365280915886,1.2432608012304143
2022-06-17,0.8895877739947371,1.0299990362707208,1.2480789703555593
2022-06-20,0.8930205208447364,1.0590195379649545,1.2728798211560093
2022-06-21,0.8936149680560364,1.0492146733605168,1.2771949101785742
2022-06-22,0.8903167141965264,1.030445615583434,1.2666606624930028
2022-06-23,0.8799918696864403,0.9835709946786385,1.2488417404036452
2022-06-24,0.9042637915746475,0.9898200450316978,1.2759731944921897
2022-06-27,0.9121818691864694,0.9915757025526168,1.2855438124948977
2022-06-28,0.9163845900595067,1.0116604075837978,1.3010614059696566
2022-06-29,0.9062816380312271,0.98347884679971,1.29014493345402
2022-06-30,0.8893775541115168,0.9374979232961584,1.2675788221507245
2022-07-01,0.8907035324294379,0.9657863367902777,1.2683102055218445
2022-07-04,0.8937571921337725,0.9729363482394475,1.2792878963801044
2022-07-05,0.8798902551862875,0.9189417717130444,1.2335266225677204
2022-07-06,0.896344325788442,0.9449599077512174,1.2457396172929223
2022-07-07,0.9035516679429532,0.9765775298540348,1.2739140668400124
2022-07-08,0.9073212881671604,0.9930196294003149,1.2795426435147965
2022-07-11,0.9044817753850506,0.9886695167977153,1.2790526435289176
2022-07-12,0.9096904451594697,1.006755410126189,1.2838498969048777
2022-07-13,0.9033459425825386,1.008247163774842,1.2739576442996197
2022-07-14,0.8906246746144966,0.9793289737977378,1.2519325611597036
2022-07-15,0.9019246122823079,1.0247724657826411,1.2802743193858328
2022-07-18,0.9107554255836046,1.0257374605401743,1.2944001750317364
2022-07-19,0.9212933500708647,1.043622782234801,1.315363234870033
2022-07-20,0.9225402743010294,1.0307038403422633,1.315437095540687
2022-07-21,0.9332994595796009,1.0355350190738777,1.3178812107443196
2022-07-22,0.936966212133858,1.0383867924093582,1.3211627643998822
2022-07-25,0.9329556584221036,1.0434398919609866,1.3316713870367098
2022-07-26,0.922465071809952,1.010496921132554,1.3285196863159263
2022-07-27,0.9269062186896446,1.0089464961067711,1.3452941675188315
2022-07-28,0.936286453939234,1.0093621547020761,1.335435190039173
2022-07-29,0.9505706252366265,1.050140772519661,1.346910788952994
2022-08-01,0.9471090567010899,1.0637905384638833,1.3550273193456255
2022-08-02,0.9393831754775674,1.078288521393422,1.3574173342502591
2022-08-03,0.9451004277160976,1.1058985529635752,1.3598373198645208
2022-08-04,0.9522183848348538,1.082044951619058,1.3578229377107491
2022-08-05,0.9426840185699686,1.1034260373835343,1.3555776121066956
2022-08-08,0.9521467548848815,1.110689483616317,1.3611112026848153
2022-08-09,0.9421890730354614,1.1032665429164925,1.3666434873476427
2022-08-10,0.9590349028212111,1.1248032257296323,1.3770975228918263
2022-08-11,0.9551872970326283,1.124256688678503,1.3686268607521286
2022-08-12,0.9568162687971019,1.150074720362895,1.3728176188940122
2022-08-15,0.96030599003529,1.165143103430401,1.3750331434756309
2022-08-16,0.9595245586784746,1.205240764691709,1.3820472792752192
2022-08-17,0.9484700381254358,1.2141185539499184,1.376153943331447
2022-08-18,0.9517077419622699,1.2314177930351047,1.3810854224032445
2022-08-19,0.9433590251816842,1.2405862298743393,1.3740013757447984
2022-08-22,0.9308178709081893,1.2446216812709623,1.3679311410373982
2022-08-23,0.9196958171727198,1.2453642903757414,1.359431274403654
2022-08-24,0.9178211946923274,1.2482870138395807,1.354963858940361
2022-08-25,0.9138539352242488,1.2267965388006572,1.355351593904675
2022-08-26,0.9030970510383804,1.2148137905933103,1.3400471758489276
2022-08-30,0.8970011016018246,1.2052549945994526,1.3237528120715323
2022-08-31,0.8893688322551063,1.193289336352028,1.317737501591769
2022-09-01,0.864239939156593,1.1677720232889022,1.2905951013543489
2022-09-02,0.8839023398423432,1.212646459235882,1.3168329782584434
2022-09-05,0.879116492101127,1.2059931963871995,1.319264987231406
2022-09-06,0.8885603084070297,1.224693220697523,1.331336010268999
2022-09-07,0.8852044353959699,1.2269375859986993,1.3212593326689388
2022-09-08,0.8839064248495724,1.2322998305797237,1.3288816206687588
2022-09-09,0.8983072404894538,1.2515302948163356,1.3515041632653118
2022-09-12,0.9157643455204394,1.295143559039142,1.3758205270957697
2022-09-13,0.8978762928797439,1.2671111723442066,1.3632577799283405
2022-09-14,0.8809028441442245,1.2274365342052316,1.3431790513670918
2022-09-15,0.8803756054905376,1.233622366985206,1.3476539903720182
2022-09-16,0.8755429890449589,1.2221894856085587,1.334536620049688
2022-09-20,0.8611655565539746,1.226533112951435,1.325688799462295
2022-09-21,0.8697373608593557,1.2192656689415315,1.3341814397894243
2022-09-22,0.8516696513735943,1.2121278094667798,1.3206195629375306
2022-09-23,0.8361101751212416,1.1992415026765573,1.2854548916036035
2022-09-26,0.8315681108096907,1.190765648803638,1.2800053477968065
2022-09-27,0.8166573722339419,1.1720484975630558,1.275891467818798
2022-09-28,0.8234934213541302,1.1474872936742098,1.26795012932378
2022-09-29,0.7976769564183993,1.132079126916227,1.239822676719024
2022-09-30,0.8103494140043868,1.1524667154797288,1.2454333161551672
2022-10-03,0.8147097557412956,1.1393949650973574,1.2552730561601626
2022-10-04,0.8368334377536192,1.1761101333252808,1.2931538876395252
2022-10-05,0.824461419413463,1.1783667773776858,1.2873492168275393
2022-10-06,0.8213003064335526,1.1494549177624593,1.2800500258751992
2022-10-07,0.8091678090295011,1.139548038265461,1.2797343027781483
2022-10-10,0.8091218860229972,1.1443906830235058,1.2750935068815032
2022-10-11,0.7995169286216625,1.1415543437286977,1.2606934697664915
2022-10-12,0.7866286264791686,1.1348333816584404,1.2425988719896806
2022-10-13,0.7934075581829428,1.1617138174338295,1.2643299094656009
2022-10-14,0.7997669758322359,1.1409857285621368,1.2656137203650877
2022-10-17,0.814698868645177,1.179527719444685,1.2811698888081384
2022-10-18,0.8199370759895566,1.1885552488810125,1.2816768023840712
2022-10-19,0.8114297172720775,1.1871986963028343,1.2752509710287514
2022-10-20,0.8156515804712755,1.1851315281333448,1.2773244991700272
2022-10-21,0.8114531013931208,1.1872148435976817,1.2761730995991676
2022-10-24,0.8211920424395283,1.219646097687157,1.2946292803808532
2022-10-25,0.8363891427993313,1.2451807445903111,1.3003556830155671
2022-10-26,0.8434466632630145,1.2469083084821968,1.310590919308337
2022-10-27,0.8417327391127385,1.2498149742669529,1.3049368786992668
2022-10-28,0.8346487505115361,1.2488618911486156,1.2977640951733014
2022-10-31,0.8371808909691362,1.2503798472852874,1.3071548659325658
2022-11-01,0.8461351080253652,1.3158384610285503,1.3251966566523676
2022-11-02,0.8419696297880525,1.3274989671103177,1.3213505037776363
2022-11-03,0.836707717481936,1.3524206850611835,1.329721838342392
2022-11-04,0.8550520826015131,1.4051196182418226,1.3464553400209769
2022-11-07,0.8574066559879912,1.4275365915147253,1.3426442849543485
2022-11-08,0.8654328871779955,1.4130486338060408,1.3471435825399283
2022-11-09,0.8677445830492407,1.4200744240925447,1.3442084048482017
2022-11-10,0.8990998848518492,1.4297496395862717,1.3604504480631099
2022-11-11,0.9014575841661039,1.4336729524046656,1.3424598936160015
2022-11-14,0.9034934682538361,1.4427168668236625,1.3571787273184055
2022-11-15,0.8984134970456608,1.4136776361125023,1.3600464407964865
2022-11-16,0.8890175429332754,1.3968819821337601,1.355782557989348
2022-11-17,0.8854517135563991,1.4246454863567435,1.3677459430900858
2022-11-18,0.8973225978358632,1.454137542383946,1.3771386413414994
2022-11-21,0.8982677817673065,1.4344336742673995,1.3785627830452052
2022-11-22,0.8999729955805723,1.4367592933209057,1.3940828399285947
2022-11-23,0.9060539163155616,1.4723870973426165,1.3982888279207863
2022-11-24,0.9100521350660487,1.4954336224290075,1.402159780303832
2022-11-25,0.9094954786545575,1.4821578010658403,1.4045346432870252
2022-11-28,0.9016669782352789,1.4508419055316968,1.398812510791636
2022-11-29,0.8981768061836125,1.4737760710965908,1.402975053532245
2022-11-30,0.8995572606886948,1.478394401909185,1.4126313655144402
2022-12-01,0.9077775405322789,1.450858391063818,1.408769001083991
2022-12-02,0.9097570403402022,1.4977110482194804,1.4047246313249075
2022-12-05,0.9081033845998401,1.4870514063411364,1.4031096611963136
2022-12-06,0.8999466619630372,1.5339205488382106,1.3979555545542832
2022-12-07,0.896047756841705,1.517528327348972,1.3873052064456537
2022-12-08,0.8902451869227929,1.5052856753311916,1.3866392402470968
2022-12-09,0.894144538545059,1.5366337279352411,1.39486803264503
2022-12-12,0.8870487136200175,1.5184643120397563,1.388855469829188
2022-12-13,0.9001969903757512,1.5056088314284302,1.3948686250845723
2022-12-14,0.8998188199798594,1.4876491234561924,1.3942773793369614
2022-12-15,0.8884210583477559,1.4758754334970332,1.3835752891562028
2022-12-16,0.8728202925054713,1.4568986770561878,1.368941108392427
2022-12-19,0.8720982422263847,1.4457540897622323,1.3779474126475366
2022-12-20,0.8682338242677153,1.4745352289311868,1.3826748144844339
2022-12-21,0.8841807804871895,1.4834659964431287,1.405974425282689
2022-12-22,0.8768013858234561,1.489522355789672,1.400253022659291
2022-12-23,0.8785037908237698,1.4964347984516357,1.402418162734084
2022-12-28,0.8826349196624907,1.5154441241403345,1.4058762506963929
2022-12-29,0.887235544137988,1.5227283917289227,1.4080905433831805
2022-12-30,0.8796299128548257,1.5202084986021331,1.3957866261817322
2023-01-03,0.8914579995633853,1.5519757186218772,1.4101886032458832
2023-01-04,0.9083635577688628,1.5804489137215343,1.4156467651522602
2023-01-05,0.9113668170600018,1.6234745444168361,1.4276832969885302
2023-01-06,0.9190149790731037,1.6143815118294593,1.4386010135777383
2023-01-09,0.9238912205407385,1.6123947468290454,1.4367923236954856
2023-01-10,0.9216988837720319,1.5847612872231855,1.4328155224722585
2023-01-11,0.9303603334168222,1.5861659696759915,1.4385890563087556
2023-01-12,0.9445129905576304,1.5950969486483961,1.453879179698224
2023-01-13,0.9463337527230573,1.6181589709731559,1.468911436469193
2023-01-16,0.9527334949620545,1.5878441775209668,1.4680032298536365
2023-01-17,0.9518850842385609,1.5924789936749726,1.467664497105807
2023-01-18,0.9484511456449706,1.6054806290372234,1.4725420034329992
2023-01-19,0.9372730309244938,1.6044318726469944,1.4568722493944692
2023-01-20,0.9425497995845242,1.6220521398980665,1.4657504950558744
2023-01-23,0.945981501897433,1.5928829017308292,1.4677690800067498
2023-01-24,0.9479818932141748,1.6330006036894638,1.468296074137618
2023-01-25,0.9443390513626813,1.632500060486032,1.4659343952265091
2023-01-26,0.9504759625186704,1.6512830923606203,1.4780626489004864
2023-01-27,0.9541666970748219,1.6353915408516242,1.4823998737135082
2023-01-30,0.9544679693406944,1.6301590181348309,1.4841579243918148
2023-01-31,0.9506218608159935,1.6076295480113516,1.4789612537747752
2023-02-01,0.95113751552131,1.6069674005319414,1.4790513240463095
2023-02-02,0.9821352026371375,1.6221644360311585,1.4855865951684866
2023-02-03,0.9835032711715603,1.6566302733671798,1.496440469318693
2023-02-06,0.9713248704138958,1.6312736528837195,1.4864322844033029
2023-02-07,0.9654587816031068,1.6450504822736933,1.491776350723007
2023-02-08,0.9659370127777287,1.6552574995534801,1.499062530145632
2023-02-09,0.9621098252893663,1.646681521929015,1.5081561982303424
2023-02-10,0.9489454619635727,1.61811081468046,1.4955495438159723
2023-02-13,0.9575690097064896,1.644113197660661,1.5044047993758747
2023-02-14,0.9559400227528925,1.6244255138092991,1.506709618457485
2023-02-15,0.9656456930860899,1.6584706351858691,1.5118704572640322
2023-02-16,0.9668240323825308,1.6959078171018005,1.5215872464106166
2023-02-17,0.9662825443314901,1.7283877402113708,1.516864552654209
2023-02-20,0.9669425548935989,1.6841667597789,1.5154225647036192
2023-02-21,0.956858503104804,1.6630419721082266,1.5076081098118643
2023-02-22,0.9518801720544445,1.6310963027478633,1.499645767990001
2023-02-23,0.9487061126397165,1.7812109314613593,1.5034239022914142
2023-02-24,0.9443606627379124,1.7893015145219284,1.5049878368205072
2023-02-27,0.9540644150692857,1.8532242491543622,1.518308752949579
2023-02-28,0.9499966317740556,1.8467799177770563,1.5104219670589085
2023-03-01,0.9501541580842646,1.896459302371774,1.5144506828875384
2023-03-02,0.9510476869096697,1.903404103011838,1.5128720871792283
2023-03-03,0.955108184602181,1.9290352369905097,1.511959392387906
2023-03-06,0.9570081580388548,1.9709136003006638,1.5100510587612215
2023-03-07,0.9517839468202298,1.9400328715957138,1.5039661192365958
2023-03-08,0.9509808882509383,1.8922250070435709,1.5074942744679225
2023-03-09,0.943150173990861,1.8876861390103246,1.5042755277633606
2023-03-10,0.92691783228015,1.838961412114351,1.4762434060345822
2023-03-13,0.9083538453339158,1.7014378735762206,1.4242520017870661
2023-03-14,0.9203609764232508,1.810340175864157,1.4459434346055196
2023-03-15,0.895167400114903,1.7259875445877302,1.3785825489457895
2023-03-16,0.9059239526505464,1.7097873196987534,1.3949752618532356
2023-03-17,0.891621659642397,1.6622572555131336,1.3773654128606878
2023-03-20,0.9017847485067999,1.684012118276963,1.388572251390811
2023-03-21,0.9136818973598356,1.785146443903833,1.4188995806693596
2023-03-22,0.9127759776856804,1.771111549389722,1.4240250393620886
2023-03-23,0.9100881552993783,1.7558497239936308,1.4159665813314837
2023-03-24,0.8992412619918281,1.7333363008062563,1.3926795217449897
2023-03-27,0.9035600825211237,1.7638774144906244,1.4075530079997978
2023-03-28,0.9021530399945414,1.7728248154160355,1.410182484847269
2023-03-29,0.9137230179490057,1.8164797602370033,1.4263990897334753
2023-03-30,0.9286921458479429,1.8497016316518966,1.4402176630915173
2023-03-31,0.9330417443096805,1.8501380085968646,1.4436461540205145
2023-04-03,0.929523453041371,1.8572927707137965,1.4485051142495402
2023-04-04,0.9276431858735038,1.847441964897724,1.4414030173065375
2023-04-05,0.9216380998630279,1.8266562691586739,1.4424362780202806
2023-04-06,0.9298798722396793,1.855209841009339,1.4555347703078498
2023-04-11,0.9386264714100732,1.8472315329773243,1.4629563581282206
2023-04-12,0.9430018760999365,1.8596675554582884,1.4691572979448917
2023-04-13,0.9467297254853307,1.8712795564578173,1.471668596244204
2023-04-14,0.94967559001667,1.8680330377739485,1.4812296024038631
2023-04-17,0.9505924127289269,1.8987034084991725,1.4832477777566033
2023-04-18,0.9539108296650424,1.9222015329200324,1.4877093029972248
2023-04-19,0.9507145951617484,1.9156766238835248,1.4837064078038176
2023-04-20,0.9538916614763633,1.8955202052998041,1.4855940077082856
2023-04-21,0.9565314289267945,1.9128827931866184,1.4885283564457186
2023-04-24,0.9571218169878635,1.9092490526964983,1.4904556682994918
2023-04-25,0.9555102927743491,1.905857541854873,1.4853537955295968
2023-04-26,0.9521814410102241,1.9402271192509293,1.489956403235321
2023-04-27,0.951215271639401,1.981492690937875,1.488515912513714
2023-04-28,0.959130483440651,1.9514517716673967,1.498628992961069
2023-05-02,0.9533271158486216,1.933201941859858,1.4736397979884184
2023-05-03,0.9568526389221301,1.9625474681192348,1.4786506135302793
2023-05-04,0.9485257909411993,1.9392102452724476,1.4562195185417621
2023-05-05,0.9566128673172597,1.9773744172100907,1.4708983538703717
2023-05-09,0.9501678198822583,2.002359688333279,1.4752767131432276
2023-05-10,0.9488623356145438,2.049502831788875,1.4690464497462716
2023-05-11,0.9504543783873606,2.0442410002774714,1.4666450264735287
2023-05-12,0.9498522113921735,2.082533927462259,1.4773424912136592
2023-05-15,0.9522036980466345,2.073183543195629,1.4867866827036222
2023-05-16,0.9486944547174045,2.102319012551507,1.4868860235976809
2023-05-17,0.9420642844329399,2.0738110446716487,1.491494485735004
2023-05-18,0.9438517270847524,2.1156086824412528,1.5010707008263897
2023-05-19,0.9428898807781393,2.0972772499011327,1.5014815020612229
2023-05-22,0.945118131096826,2.0933199781061633,1.5068543321096752
2023-05-23,0.9403969981541759,2.0447392447126345,1.5018987490069373
2023-05-24,0.9227874176442166,2.0303829433625267,1.4806967022561321
2023-05-25,0.9168922951032539,2.0377797078016915,1.4765834654184
2023-05-26,0.9227276020906401,2.0266836363329523,1.4862600688582417
2023-05-30,0.9207297332548647,1.959029099173055,1.4805884241899805
2023-05-31,0.9142558879606768,1.9311367236690948,1.4643363343348066
2023-06-01,0.9185117972492185,1.9564119315851896,1.479354534197357
2023-06-02,0.9336528635321875,1.9759050295440626,1.4997205771836377
2023-06-05,0.931378454754751,1.9566700706500009,1.495983383116708
2023-06-06,0.937698648440482,1.972610904074524,1.5004130589002744
2023-06-07,0.9342509381376743,1.9766317924302212,1.5016116870803042
2023-06-08,0.9291412189178558,1.9752913871468907,1.5000926524851887
2023-06-09,0.9246473121681376,1.9620155288133865,1.492309569466079
2023-06-12,0.926797969080972,1.9438129782972213,1.4969696310694383
2023-06-13,0.9258338646965749,1.9412933228582538,1.5087273217122212
2023-06-14,0.9272749688364058,1.932362032066644,1.511469576465425
2023-06-15,0.923745701573466,1.9228169245784459,1.5094056439150467
2023-06-16,0.9244827466535032,1.9591560312182836,1.5086742379903313
2023-06-19,0.9151814745295401,2.000469383990315,1.5001081775817975
2023-06-20,0.9111612148132586,2.011870799874565,1.49796468081201
2023-06-21,0.9022840905060826,2.0309450050759024,1.491669371764874
2023-06-22,0.8946951472750582,2.0072681407904653,1.4715832216810247
2023-06-23,0.8893093380332144,1.9656152733565944,1.458495403774325
2023-06-26,0.8900257959131317,1.9930072537291803,1.455637497168405
2023-06-27,0.8915860619003375,2.0207705464917005,1.4623288850986471
2023-06-28,0.900700378587564,2.047080387422578,1.4758923672323268
2023-06-29,0.8916042544701287,1.9271981216386407,1.4721896459164174
2023-06-30,0.8996355330678361,1.9324268939209204,1.4868803301173574
2023-07-03,0.9028710240406306,1.950938475707995,1.4907275811948095
2023-07-04,0.9027469466132212,1.8787241269774748,1.484245781513635
2023-07-05,0.8925026617187788,1.862406461432187,1.4719298538884278
2023-07-06,0.8732165496458341,1.791207318531732,1.4407798960914124
2023-07-07,0.874248984018424,1.848241581138664,1.4402733083869954
2023-07-10,0.8762937543906801,1.863805328989915,1.4446478193323162
2023-07-11,0.8798257918348001,1.8631657625078417,1.446003126655653
2023-07-12,0.8975999892343629,1.9280391353780206,1.4747996172804765
2023-07-13,0.9011855840765217,1.9649941399310813,1.4819600116062954
2023-07-14,0.903368202436201,1.9669920662378533,1.477652718827365
2023-07-17,0.898551320565568,1.962046305995257,1.4763913165787563
2023-07-18,0.9060584231513051,1.9858328997780919,1.483987319354846
2023-07-19,0.931457172161509,2.0366094299125574,1.5065565354366985
2023-07-20,0.9346296533306653,2.0635861136977796,1.5238220199014645
2023-07-21,0.933914746413792,2.058055418769631,1.529164873713397
2023-07-24,0.9330117112244466,2.0644679837690223,1.5297096655928804
2023-07-25,0.9362893049059111,2.0448459034274515,1.5233106987188352
2023-07-26,0.93721488907688,2.2221037268468367,1.51971174525077
2023-07-27,0.9380390204550674,2.256704372114015,1.5352175223406501
2023-07-28,0.9321577926358297,2.2541076352982894,1.535980699257597
2023-07-31,0.9307622582214284,2.231638344290806,1.5419871273949792
2023-08-01,0.924263995812025,2.2417854737677128,1.5350806941898023
2023-08-02,0.9102608703508897,2.198303378703881,1.522957941146482
2023-08-03,0.9054961979878324,2.201575308146804,1.5202000863791514
2023-08-04,0.9101359734868988,2.289328936441356,1.5279002839701328
2023-08-07,0.9076161872782429,2.291550007491021,1.5289741915077515
2023-08-08,0.9022893344686194,2.2653271938772304,1.5268342967918942
2023-08-09,0.9032951539694329,2.2916643587029846,1.5398513319155525
2023-08-10,0.91147842274129,2.3079411414983415,1.5458895538736166
2023-08-11,0.899016046620144,2.319770351290145,1.5314692560608298
2023-08-14,0.8974141265143876,2.3240164295137866,1.5325996234510584
2023-08-15,0.8860757873407228,2.3111636693314823,1.5225949853718737
2023-08-16,0.8833425316809271,2.306917617525909,1.5202345507430441
2023-08-17,0.8726029567190775,2.472642057142307,1.5058287740755711
2023-08-18,0.8642675324416028,2.3703702510533566,1.4947017437286199
2023-08-21,0.8596990915406573,2.3717093516730365,1.4933162685678136
2023-08-22,0.861110955911157,2.4006701598823037,1.4946791461334124
2023-08-23,0.8703388324059775,2.399957124938198,1.501812348923142
2023-08-24,0.8704152198275421,2.415890980874475,1.5044466485739343
2023-08-25,0.8700925004596054,2.411927962213123,1.5067576509122615
2023-08-29,0.8895325309168327,2.486572851630285,1.533343247426612
2023-08-30,0.8915685858290039,2.517782160355255,1.535415099227136
2023-08-31,0.8904781540465923,2.5074880675362143,1.5305377369327675
2023-09-01,0.8883271388517322,2.4837749422154123,1.5381705043934732
2023-09-04,0.8855579117663068,2.4855983753552717,1.5382738519001404
2023-09-05,0.8808904548610953,2.4863116110168626,1.5395562338041178
2023-09-06,0.8803698928531251,2.4439861802803327,1.537335777416803
2023-09-07,0.8791531317886133,2.465500280635889,1.543529523978896
2023-09-08,0.8825058364247592,2.4613410502174995,1.5503274065720896
2023-09-11,0.8858055247677612,2.4604267158974356,1.5567607936393755
2023-09-12,0.8864708703642964,2.5115054169178608,1.566563576609308
2023-09-13,0.8876795634362689,2.5179181826347365,1.5712109109136299
2023-09-14,0.9012939820297019,2.577805213588616,1.598998153107802
2023-09-15,0.9061801411283887,2.622498430476854,1.6062033677750156
2023-09-18,0.8936858487601133,2.5915451268650376,1.5912686474319844
2023-09-19,0.8882330403566634,2.625976963423148,1.6002135681284888
2023-09-20,0.9012346993708457,2.5943106248672256,1.6071796724138616
2023-09-21,0.8956467564614744,2.5844790192014298,1.602033694123873
2023-09-22,0.8943020612276421,2.5710820327840875,1.5977469985272432
2023-09-25,0.8837424568576213,2.558996918237873,1.5887031378117857
2023-09-26,0.8832656746196875,2.558512385000209,1.5882193235425146
2023-09-27,0.873854610686742,2.525419649061779,1.581818969323547
2023-09-28,0.8704751245090858,2.5754424622196925,1.5884003862492153
2023-09-29,0.8785252168319879,2.584849301585873,1.5873122632872647
2023-10-02,0.8658994448136094,2.551702182091012,1.5625011555056312
2023-10-03,0.8560988415890758,2.5257952408871653,1.551893527650119
2023-10-04,0.8520786466191292,2.4640846500166163,1.5397063238876494
2023-10-05,0.8578165797760832,2.4178543652415674,1.5487692615642024
2023-10-06,0.8633805982383063,2.4404107375095743,1.5604819428353234
2023-10-09,0.8561426576435198,2.4209159334520813,1.5554137271260502
2023-10-10,0.875705303763706,2.4799495633786486,1.5841217384608595
2023-10-11,0.8743069740471111,2.4797197570085556,1.5831961790328533
2023-10-12,0.8729982064889393,2.4631569778293123,1.5892265331108033
2023-10-13,0.860177608570528,2.4411999178639707,1.5793918053480738
2023-10-16,0.8654954998231925,2.4406007059200476,1.5843105217564548
2023-10-17,0.8680364918097863,2.454880840654215,1.5944882913524223
2023-10-18,0.8573126564190037,2.365769053151336,1.583627650420421
2023-10-19,0.8437471730099744,2.3386872299527974,1.5628507257586295
2023-10-20,0.8347529835246635,2.300309658495105,1.5398722850328292
2023-10-23,0.8358637016208715,2.3531468546864582,1.5358677756477723
2023-10-24,0.8360094350910167,2.324661848504269,1.536055780621699
2023-10-25,0.8348638809660549,2.301456169743762,1.539816273702669
2023-10-26,0.8319823893225857,2.281132273431579,1.5295241178390935
2023-10-27,0.830864791383657,2.2785949021189325,1.514967706231721
2023-10-30,0.8366198605546419,2.3479323121399425,1.5256726188391678
2023-10-31,0.842021273287535,2.4108018735280208,1.5194755234808006
2023-11-01,0.8466319509532743,2.438647977688015,1.5313338197895905
2023-11-02,0.8617969355597608,2.4936405420403664,1.5451809900960707
2023-11-03,0.8704888955359462,2.484664782002169,1.5366403036671907
2023-11-06,0.863477565081948,2.5145387033809254,1.5325242424176708
2023-11-07,0.868085931989226,2.529902636132816,1.5349851121501075
2023-11-08,0.868964710136267,2.579386040275325,1.5439177832309094
2023-11-09,0.8794958324960491,2.5936411277352036,1.5542027947416115
2023-11-10,0.8688873783414108,2.5753952171310344,1.549140342866075
2023-11-13,0.8750903277656259,2.6253882017854955,1.5566216783453668
2023-11-14,0.8908706111322717,2.543618836368238,1.5595324462986364
2023-11-15,0.8972478264550388,2.59669820937195,1.5685262130547308
2023-11-16,0.8869788557092453,2.564107579875932,1.5541217761766206
2023-11-17,0.8974229208504041,2.5883721044250856,1.5770748494813056
2023-11-20,0.898459420784878,2.6346436356068104,1.580446860655535
2023-11-21,0.8955943589258645,2.5978969343360223,1.5734163747946708
2023-11-22,0.9007724770262326,2.55072119549481,1.5783231144259433
2023-11-23,0.8994854426286268,2.6072821386251537,1.581131046424168
2023-11-24,0.9006683088065852,2.598471474022557,1.580963474362537
2023-11-27,0.9020685486616176,2.59886600081135,1.5772715830592523
2023-11-28,0.9001979871880474,2.6617606358917847,1.5733672259872113
2023-11-29,0.9022835297060348,2.7111042401130723,1.5678989776045533
2023-11-30,0.9008092623915496,2.7187911208569773,1.5703036054575874
2023-12-01,0.9108625033156195,2.7693837399948684,1.5874896794589723
2023-12-04,0.9080465544167311,2.8033232038012748,1.5826584265372188
2023-12-05,0.9116669281999407,2.78350893552365,1.5819588618666809
2023-12-06,0.92190468307403,2.781876194409998,1.595692123788583
2023-12-07,0.9215052087692852,2.7702481361128046,1.595113790584851
2023-12-08,0.9242304719662358,2.7934789096702066,1.611002905279581
2023-12-11,0.9282603142639149,2.8446705928706724,1.6057032969060785
2023-12-12,0.9269364473493209,2.8701439986141137,1.6066722797002273
2023-12-13,0.9277179715741414,2.8601994203406793,1.6086870440409151
2023-12-14,0.9489594180109526,2.8761126712053997,1.6206591564562096
2023-12-15,0.9411695933577174,2.8692043656280997,1.606391327486417
2023-12-18,0.9400721711363258,2.89677062170556,1.6146907057067605
2023-12-19,0.9452609811742877,2.9401603229163547,1.619142282836458
2023-12-20,0.9557683816866789,3.022693942876999,1.6378852259122936
2023-12-21,0.9515235267979179,3.049635744332294,1.6335594640878763
2023-12-22,0.9509484205114593,3.07865542582333,1.6354013690783302
2023-12-27,0.9548407117784228,3.081742141666875,1.6407269546076657
2023-12-28,0.9533832518373248,3.0598750353142674,1.6383951729408355
2023-12-29,0.9512747871230162,3.0840496801913604,1.639799353305846
2024-01-02,0.9429179591954601,3.0886149690815117,1.6411831356893325
2024-01-03,0.9316443536639429,3.0274638429816063,1.6388798003874978
2024-01-04,0.9327179927669602,3.0419986570607387,1.6521994295323572
2024-01-05,0.9283702783280028,3.0156561679081095,1.6465255833773995
2024-01-08,0.9358818416831418,3.098379935892173,1.6543294995894264
2024-01-09,0.9329712080721544,3.1137688155596104,1.6477401171705086
2024-01-10,0.9303084948293894,3.1506056447425497,1.6415100707780992
2024-01-11,0.9217523775714043,3.042228463430832,1.620670418521796
2024-01-12,0.9306588473927382,3.080988312698331,1.6286420621609838
2024-01-15,0.9285587496264692,3.060869001182536,1.621949670481403
2024-01-16,0.9249099139874813,3.0480425665201025,1.6112354168361505
2024-01-17,0.9101935682083321,3.0156561679081095,1.5938199496766752
2024-01-18,0.9127640788529643,3.0656742737775327,1.5948554465635478
2024-01-19,0.9116696703678584,3.0276143220312925,1.594626631094505
2024-01-22,0.9209525753115958,3.054720669605871,1.606111629233479
2024-01-23,0.9172946038695655,2.987475983142069,1.602961735496104
2024-01-24,0.9244713101023392,3.0213658013574727,1.6170975039529352
2024-01-25,0.9230592225907854,3.0225646742028935,1.61955522853942
2024-01-26,0.93466681679547,3.03160479657675,1.6290894822895943
2024-01-29,0.9300902843660999,3.014557832758676,1.6268383067275
2024-01-30,0.9329371176146037,3.0418942824660435,1.6327440613255355
2024-01-31,0.9313883539060221,3.0174146418733856,1.6226102845423078
2024-02-01,0.9255357791039622,3.0057867314575404,1.614176261293858
2024-02-02,0.9254247258583691,3.058966441439755,1.609849611293273
2024-02-05,0.9214163379820355,3.0385528661729957,1.6036535654841126
2024-02-06,0.9272104144741482,3.0998938867427,1.615802207159725
2024-02-07,0.9200555600296613,3.0999688278480813,1.6030298793416855
2024-02-08,0.9162718898328671,3.0562995743174497,1.6032607256870772
2024-02-09,0.9134676594476345,3.0808188310477047,1.6043567285778408
2024-02-12,0.9195341784916459,3.0741654266373923,1.6106957243011708
2024-02-13,0.9036443069448287,3.0585464448371664,1.5924581181955944
2024-02-14,0.9121449608404514,3.1015020770622446,1.6037075509643124
2024-02-15,0.920394263262535,3.2049836835673973,1.6082956151740238
2024-02-16,0.9304262578848934,3.194285075607934,1.6335316154560275
2024-02-19,0.9298858173532534,3.3538436624266224,1.6302629880475312
2024-02-20,0.9292121192868299,3.344128341206963,1.6399172358433713
2024-02-21,0.9282363634264139,3.396762971410024,1.6330447634718182
2024-02-22,0.9303688577069376,3.6049857781066557,1.644628349818662
2024-02-23,0.9313552800060655,3.582953924917281,1.6505956383226912
2024-02-26,0.9276438259886717,3.6386207902002843,1.6507426156028526
2024-02-27,0.9260516097008811,3.593178551990734,1.6462139074070072
2024-02-28,0.9168629217930961,3.683679053972696,1.6455883163499718
2024-02-29,0.9205135160432835,3.722059019255385,1.6456667619756598
2024-03-01,0.9262595407899914,3.876951684442722,1.6629302376894923
2024-03-04,0.92079531911664,3.874439333986296,1.6567057562506577
2024-03-05,0.9223745069725474,3.8774361437397125,1.6639427622365957
2024-03-06,0.9274389120051003,3.9506744443968156,1.6739329861009171
2024-03-07,0.9327164279891544,4.003969107743448,1.6741136530906384
2024-03-08,0.9315667250892412,3.990632918269646,1.6709825757155135
2024-03-11,0.9308734157293457,3.9546008048467054,1.6687741039469426
2024-03-12,0.9364826074186652,4.025007195782039,1.6904394223361496
2024-03-13,0.9349270741423009,4.014168539661264,1.6903785346015345
2024-03-14,0.9317755764984468,4.013379285366193,1.6846361280548308
2024-03-15,0.931501891277067,3.895702836866425,1.689071894142701
2024-03-18,0.9292904111790627,3.882851360243234,1.6894377780034584
2024-03-19,0.9268259428495129,3.8895294580154713,1.6904948918505207
2024-03-20,0.930465308195228,3.9288638733875745,1.6911255827501932
2024-03-21,0.9491805226053431,4.039433196215315,1.727607612184398
2024-03-22,0.9531200518294867,3.9989756466595816,1.7361402833335773
2024-03-25,0.9487264806956422,3.9986311880012977,1.735393916629284
2024-03-26,0.9514566471443962,4.087488121859795,1.7484809191382165
2024-03-27,0.9524612296137888,4.122056627220877,1.7540283277340092
2024-03-28,0.9549862875876002,4.140722259769475,1.753966297360598
2024-04-02,0.9454965783475782,4.0824031490636115,1.7483053675302807
2024-04-03,0.9443252708030501,4.127640675699963,1.7527458987224507
2024-04-04,0.9467089265316473,4.119838841591641,1.759023480227468
2024-04-05,0.9345466786554112,4.142330254685065,1.745098874454893
2024-04-08,0.9378485431508068,4.172878656607422,1.7553377332609155
2024-04-09,0.9370455607764332,4.043783194762546,1.738627709662794
2024-04-10,0.936216117739282,4.0238041849616835,1.7472404902393608
2024-04-11,0.9343017311353725,3.991417987067175,1.7371756448676345
2024-04-12,0.9358487883542951,3.9930763722940394,1.7469585553974487
2024-04-15,0.9350623611582527,4.009409170803773,1.7466031127068697
2024-04-16,0.9184489257014772,3.918588856002846,1.712101711529869
2024-04-17,0.9197505183622355,3.9319250454766492,1.7188638929443476
2024-04-18,0.9229319056158438,3.961888397569891,1.7294888791615448
2024-04-19,0.9228261152833017,3.9012869381816486,1.7308806472869254
2024-04-22,0.9346014356203649,3.978246644788883,1.7555976117548546
2024-04-23,0.9414956839205638,4.139857768606327,1.7669741587072507
2024-04-24,0.9348893129322216,4.15531155461221,1.768171256502701
2024-04-25,0.9282001486729736,4.137515000159269,1.7662190633032349
2024-04-26,0.937686042728435,4.240867285154181,1.7783433762899596
2024-04-29,0.9417182038820704,4.218555134924697,1.7765979194808534
2024-04-30,0.9377158400390109,4.210318735350476,1.771734120812741
2024-05-01,0.9345216628614103,4.199609849697517,1.7683538030306547
2024-05-02,0.937946081729649,4.059276697264769,1.7757942359842924
2024-05-03,0.9488754633984756,3.9656203822897442,1.7845577582547096
2024-05-07,0.963346680951388,3.9485984657459587,1.8092503324199911
2024-05-08,0.968139359606224,4.021082937434519,1.8265505061032936
2024-05-09,0.9722460579185888,4.0934919715375155,1.8254337168920394
2024-05-10,0.9759365468911543,4.080540453698519,1.8388850847576776
2024-05-13,0.9727305463467215,4.078807127366273,1.8373014119419042
2024-05-14,0.9771453711566678,3.970834924836259,1.847301595175324
2024-05-15,0.9863478495755593,3.7517649431424234,1.8519115478406691
2024-05-16,0.9898404794416393,3.7550561170055454,1.8480319363528035
2024-05-17,0.9861228862915521,3.725437223570587,1.843045925048672
2024-05-20,0.9851898119877733,3.842724909983223,1.8473166832769254
2024-05-21,0.9795461561256233,3.8161027206294076,1.8463389374103851
2024-05-22,0.9749714868217391,3.7282396522804366,1.840550616619902
2024-05-23,0.9676870228547705,3.7616299458553604,1.839621988469379
2024-05-24,0.9678131237028889,3.803476363085057,1.8391940800231037
2024-05-28,0.9634539716458582,3.7965639670554276,1.830211314867542
2024-05-29,0.9528754435184663,3.74228566837016,1.8181711418411473
2024-05-30,0.9624091726558932,3.6959744999462996,1.8276997205533956
2024-05-31,0.9614893769329674,3.719919190571952,1.8368194662146002
2024-06-03,0.9660402293803885,3.7726793529091522,1.8412637137925159
2024-06-04,0.96491202476524,3.7101793713943207,1.8292686481553364
2024-06-05,0.9658435392869458,3.713276069168664,1.8253092122321277
2024-06-06,0.9691366606982034,3.784232073979526,1.835558885548675
2024-06-07,0.9581081189535126,3.7491938260661115,1.831615833219236
2024-06-10,0.9530361057951867,3.7638039773720644,1.8271894045457757
2024-06-11,0.9445865943487899,3.7473810720547167,1.8037596707056605
2024-06-12,0.9585202619267905,3.803597207927944,1.8269821682571843
2024-06-13,0.9517759145047118,3.8451134818090447,1.80805318099069
2024-06-14,0.9457685266235241,3.7781885131189954,1.8037199390840297
2024-06-17,0.9429509117072276,3.817127725609177,1.8067313728105208
2024-06-18,0.9507922638464364,3.8414922649560688,1.8213184558338296
2024-06-19,0.9484650294230796,3.855568015611333,1.8287448164800835
2024-06-20,0.9594960441747766,3.992454928198763,1.8436708791172292
2024-06-21,0.953428874678341,3.895910812520134,1.8340620873138889
2024-06-24,0.9595957174268477,3.9585548798124695,1.8446008695418625
2024-06-25,0.9500069800552002,3.8959253813834422,1.8309311256550385
2024-06-26,0.9480069831956159,3.860721985198291,1.8285734867490255
2024-06-27,0.9455493805512121,3.8452831641771557,1.8278517634887503
2024-06-28,0.9422823614083111,3.869827367822957,1.8215738714533884
2024-07-01,0.9412217468057436,3.8771344121046583,1.8162973150660677
2024-07-02,0.9349689524761471,3.8266823376082604,1.806585511017201
2024-07-03,0.9469209185039242,3.8896165359901564,1.8234999819564879
2024-07-04,0.9517778126388103,3.897153367916529,1.8387214116318187
2024-07-05,0.9563562468895501,3.9132396489783288,1.8315889875270577
2024-07-08,0.9567339102504,4.033887625548408,1.8345831160668946
2024-07-09,0.9510159880957174,3.920764446156204,1.8149713352830432
2024-07-10,0.9615638531312247,3.993327932556808,1.8304450573834177
2024-07-11,0.9710945162248299,3.9802690293608443,1.840168893727418
2024-07-12,0.9745724290178958,3.983246718319301,1.8423956439088032
2024-07-15,0.9638834230077793,4.032162735771352,1.831828259077915
2024-07-16,0.9627381828925997,4.085919526140259,1.838755177274026
2024-07-17,0.9584509871079671,4.018965944783802,1.8369900458192787
2024-07-18,0.9608153046326006,3.9497053795327073,1.8348052082713093
2024-07-19,0.9534109598041192,3.9643514748045634,1.826217483829535
2024-07-22,0.9583664614771896,3.9343568531950073,1.8370155476251306
2024-07-23,0.9555435946827018,4.017321508112598,1.8389812621042392
2024-07-24,0.951929389632058,3.9577991627200877,1.8307349870781962
2024-07-25,0.9494704295085477,3.9076209740386503,1.8167799559718163
2024-07-26,0.9622474021265432,4.029767003676188,1.846960877375333
2024-07-29,0.9618491617218563,3.9810596064747577,1.853101820391584
2024-07-30,0.9654922525380715,4.031496262822603,1.8597436434265946
2024-07-31,0.9735666378154025,4.051129461778925,1.8726561214117914
2024-08-01,0.9663051871758168,4.131871754559606,1.8346681223557648
2024-08-02,0.947061394578232,3.9520211861590124,1.788080685382944
2024-08-05,0.9237407187765376,3.8197272834315967,1.754731278578802
2024-08-06,0.9246945106728082,3.9044875077491406,1.7606065953531038
2024-08-07,0.9371908972168002,3.9566975491035725,1.7895666817346267
2024-08-08,0.9328752045704187,3.9508614570248897,1.7879070825216088
2024-08-09,0.936384309457831,3.99059007700502,1.7945432189627284
2024-08-12,0.9399945362185469,4.044004469833929,1.808966473106849
2024-08-13,0.9442523885617526,4.028611822949587,1.8142005367375564
2024-08-14,0.9525930537068323,4.095868092877836,1.8275453537150486
2024-08-15,0.9610461750974484,4.209226356551703,1.8518396801592867
2024-08-16,0.958044973377185,4.207750741431231,1.847279372512094
2024-08-19,0.9630818866411575,4.219333828789238,1.8597374904867712
2024-08-20,0.9544252399784205,4.160776877700362,1.84083334518771
2024-08-21,0.9583084904015196,4.16040777320276,1.8420475838062758
2024-08-22,0.9606983129427459,4.189224401696611,1.844785808685598
2024-08-23,0.966694000342901,4.205790519132421,1.8527268145116271
2024-08-27,0.9644176393070555,4.236411212838383,1.8547492711148164
2024-08-28,0.9631782972768792,4.2880703367609385,1.8526132732256397
2024-08-29,0.9665491821227481,4.316819904967449,1.8642326304387966
2024-08-30,0.9686126729956505,4.273766137235368,1.8652618756572765
2024-09-02,0.9722890399833972,4.128510871087368,1.8591874589217567
2024-09-03,0.9656276150531263,4.12003879039256,1.8428617678351331
2024-09-04,0.9607591914950326,4.144308300039933,1.8327191063119876
2024-09-05,0.9605953317487671,4.09172478481854,1.8336074687663797
2024-09-06,0.9543777696544866,3.907190007336288,1.812411655050152
2024-09-09,0.9631371093290471,3.99638616966633,1.8356857564521054
2024-09-10,0.9638605957698441,3.984295984346861,1.8216873867844332
2024-09-11,0.960990311063984,3.988700988600214,1.816007431985339
2024-09-12,0.968425685817005,4.061975269213692,1.8355142270867817
2024-09-13,0.9772764890366408,4.106042477521363,1.8442252305704898
2024-09-16,0.9785576266922115,4.047022607167335,1.8470577723254284
2024-09-17,0.9859258602800851,4.0205576905807465,1.8529062398793146
2024-09-18,0.9770259955784851,4.019242105436152,1.8411986175217971
2024-09-19,0.9862795669680119,4.204923794393615,1.8648883928469426
2024-09-20,0.9703820028145822,4.153238660711121,1.8463505443458703
2024-09-23,0.9752843356250622,4.164404349059479,1.85177085248724
2024-09-24,0.975745043608305,4.132587451092366,1.8580836294972891
2024-09-25,0.9766995406816026,4.131085176536896,1.8486138996364
2024-09-26,0.9829586175962173,4.121620498426402,1.8557190597018764
2024-09-27,0.9880658771104496,4.0944128620147335,1.861983402842186
2024-09-30,0.9740995216596439,4.063991201642731,1.8375520202885611
2024-10-01,0.9736237708352433,4.005119719650464,1.8336333139028493
2024-10-02,0.9685287497825198,4.000698800768378,1.837276198842052
2024-10-03,0.9653519528487655,4.085813874638108,1.8311386665310379
2024-10-04,0.9659562811656113,4.121660958535713,1.8464020106443466
2024-10-07,0.9616668864510869,4.077516193374527,1.8528891113916832
2024-10-08,0.9519735742957762,4.07825299734734,1.837072710440498
2024-10-09,0.9593543730404772,4.12759097105422,1.8601826470716587
2024-10-10,0.9558779094250516,4.16793541080067,1.8569688418139965
2024-10-11,0.9586193124824152,4.229521497582836,1.867466028968208
2024-10-14,0.9624248197257466,4.254790705281153,1.8782273426795637
2024-10-15,0.9621478143480988,4.276805133147128,1.8730040693209289
2024-10-16,0.9744415690724822,4.37490571559035,1.8856652658228572
2024-10-17,0.9802416055638763,4.432888306605637,1.9061981424768148
2024-10-18,0.9779305098327173,4.439515254513038,1.9061144800264138
2024-10-21,0.9687271212958088,4.4293607566388635,1.8848162994516593
2024-10-22,0.9665912661553571,4.423854513253381,1.8846151146200127
2024-10-23,0.9607786788331898,4.387850964772015,1.8713777462685508
2024-10-24,0.9591175649010873,4.3435497350270715,1.871311887315737
2024-10-25,0.9574090976645462,4.338008402072234,1.861533625301409
2024-10-28,0.9632318816741211,4.265924762470474,1.8725190508335694
2024-10-29,0.9523072301554213,4.30971554151591,1.8496410044899683
2024-10-30,0.9493939723093401,4.368082138752576,1.8504661491438923
2024-10-31,0.9315800645780687,4.3029626349834995,1.8364594631771758
2024-11-01,0.9405902633865373,4.408966162016073,1.8543752804821498
2024-11-04,0.9387264933777759,4.4128421321546885,1.8515721949808008
2024-11-05,0.9410254345998326,4.508418972076987,1.866870992482387
2024-11-06,0.936124075030172,4.676896679312296,1.8959893560963352
2024-11-07,0.9374533824976781,4.61731851381159,1.8914118177557149
2024-11-08,0.9317316940122746,4.559689116669174,1.8797914831567055
2024-11-11,0.9371829470805049,4.755530729495957,1.9026216084735972
2024-11-12,0.9298459881016669,4.685647457930393,1.880707946938378
2024-11-13,0.9256214899175358,4.685763267000885,1.8835164898622045
2024-11-14,0.9305271107527049,4.6647134805080395,1.8973425229689478
2024-11-15,0.9294088118129638,4.629597138159156,1.89484257624059
2024-11-18,0.9324819475619679,4.623319302307731,1.9079880392124728
2024-11-19,0.933325666659925,4.560955064155352,1.9001012458231994
2024-11-20,0.926738904673609,4.550064253475016,1.905892817472031
2024-11-21,0.9318364406622544,4.6536656084050225,1.9320605107782316
2024-11-22,0.9489469623792393,4.65432647189126,1.9481015364741907
2024-11-25,0.9531389526237704,4.6767642727688195,1.9605592599616581
2024-11-26,0.9495718732293602,4.680020040247992,1.9527691083974679
2024-11-27,0.9539339871964514,4.668392129832148,1.9576410827376898
2024-11-28,0.9568395431162187,4.695407319489082,1.9634048279109286
2024-11-29,0.9582082145103565,4.631041027075379,1.9616774500175556
2024-12-02,0.9625804123859166,4.698754642594514,1.9667162280618005
2024-12-03,0.9644597093084649,4.781739633239034,1.9823172352641953
2024-12-04,0.9679248491500074,4.783834130414705,1.9839850777454386
2024-12-05,0.967455045293262,4.735308711076789,1.9936005603437188
2024-12-06,0.9634520294510069,4.736974364342179,1.9861098633445362
2024-12-09,0.9653744276054832,4.7011618788472775,1.9851148545294313
2024-12-10,0.9599918477383034,4.602249238515274,1.9710762346618007
2024-12-11,0.9612418821367175,4.668837476170202,1.980653015057431
2024-12-12,0.9585513341151254,4.6918960712325966,1.9846200638002887
2024-12-13,0.957819944141052,4.655735662046035,1.98917313049697
2024-12-16,0.951154182014931,4.7284857257644095,1.9812615945035672
2024-12-17,0.9419164669962343,4.7108111962031565,1.9611333018326562
2024-12-18,0.9421965212800127,4.79437135110073,1.9700836428801232
2024-12-19,0.9285709769731392,4.7368932540331325,1.9437827631668734
2024-12-20,0.9274139716750547,4.7103825530103585,1.9400333603461202
2024-12-23,0.9273179876196233,4.682594677568377,1.9451389646701094
2024-12-24,0.9320636466063738,4.719567641123904,1.9563376429904769
2024-12-27,0.9291343127203846,4.690114408179229,1.961376019305251
2024-12-30,0.9253921335088793,4.6923197453204075,1.9581675685220947
2024-12-31,0.9326952013310349,4.689761113947614,1.9647339851786652
2025-01-02,0.9394125974522565,4.767204967041249,1.9871239643955203
2025-01-03,0.9327249559050554,4.744569739676908,1.9802986447031223
2025-01-06,0.9371232400926807,4.704760305150429,1.987171951776456
2025-01-07,0.9341916986178072,4.71208777909697,1.9870107129710894
2025-01-08,0.9252796701134537,4.696276234242675,1.9841144326719542
2025-01-09,0.9301491061915084,4.700425571354646,1.985454858207345
2025-01-10,0.9170855858177346,4.658723327419533,1.9671942894338077
2025-01-13,0.9143583876965434,4.58124468051924,1.960998246992856
2025-01-14,0.9113691719080381,4.580507686456004,1.9658596919820335
2025-01-15,0.9310720020651713,4.6317023764147365,2.0014664134151383
2025-01-16,0.9409570189815689,4.6980982623601415,2.021948943595947
2025-01-17,0.9537486524112861,4.720077796060715,2.0451743721055196
2025-01-20,0.9558517400860745,4.753876503881082,2.05086649956941
2025-01-21,0.9586688023499187,4.765579467495413,2.063348078005011
2025-01-22,0.95999676312802,4.825500883345491,2.0679098851015265
2025-01-23,0.959812956865367,4.867283646064255,2.075731779042144
2025-01-24,0.9570165389711653,4.836159579404661,2.0528536168661913
2025-01-27,0.9554692785272065,4.7246904751269305,2.043307443796828
2025-01-28,0.9643960436669816,4.688721815497438,2.056442193718454
2025-01-29,0.9668612916608197,4.82285586616891,2.071067203769187
2025-01-30,0.9783830424904156,4.840999097597301,2.0967211086482713
2025-01-31,0.9835882391768073,4.8894485764486415,2.107441832343806
2025-02-03,0.9720714157832264,4.811389891235519,2.0910802673003195
2025-02-04,0.9716506641696988,4.788290339583632,2.095083852411141
2025-02-05,0.9781335207581812,4.813640763263267,2.107660602943121
2025-02-06,0.9846283530063749,4.903827174184107,2.1332031295589555
2025-02-07,0.9779649236018247,4.898594102368025,2.128753337383203
2025-02-10,0.9865884895375514,4.978707025364993,2.137913647761075
2025-02-11,0.9836721934822874,5.049710610644567,2.1481821444374773
2025-02-12,0.9855537049224363,5.1316402968913195,2.1512929210587006
2025-02-13,0.9911275463985201,5.136758351879786,2.146535831037815
2025-02-14,0.990597801077687,5.166483568029545,2.1419859689196943
2025-02-17,0.9922402202832408,5.23113426425921,2.1616029658088456
2025-02-18,0.9875411742814318,5.291170696936904,2.1575655437564265
2025-02-19,0.9782882406515958,5.2372610007533,2.141435457734082
2025-02-20,0.9758300898438957,5.120012978000867,2.1332629193651664
2025-02-21,0.9749985440009601,5.151827922938798,2.137847377877829
2025-02-24,0.972427321196562,5.118417598919401,2.1383907028010274
2025-02-25,0.9673670916025319,5.2062421077565615,2.145404444558944
2025-02-26,0.9783408296293212,5.353599648642829,2.1676366360660375
2025-02-27,0.9710809225024726,5.758840279358344,2.1731343589948615
2025-02-28,0.9730799006928752,5.777837412553099,2.193960171329989
2025-03-03,0.9750670953098032,5.9531845272754484,2.2221843961677945
2025-03-04,0.960746426873416,5.9175340723082135,2.1769314000334594
2025-03-05,0.9632625409774765,6.103105077114101,2.1869123967696087
2025-03-06,0.9587253880833608,6.1463566687639295,2.1669367555924968
2025-03-07,0.9576345809565232,6.11755952029093,2.1437890890431808
2025-03-10,0.9534701375851548,5.719465249372524,2.1136671658252935
2025-03-11,0.9440267289062005,5.749121173671661,2.0883573928005434
2025-03-12,0.9447019880168396,5.977641381322284,2.1032836815512947
2025-03-13,0.9374231712798566,5.939345708460984,2.0972474271936146
2025-03-14,0.9445423732614863,6.171388792736093,2.1247948331266944
2025-03-17,0.9490247139698762,6.134960978641524,2.1279885281917705
2025-03-18,0.9502490691456964,6.29649899357881,2.147301265820992
2025-03-19,0.9509166309329331,6.291926880294177,2.148219255076268
2025-03-20,0.9551113418469241,6.201114103931065,2.1291345865728775
2025-03-21,0.9467105962788207,6.216385774819145,2.1108950932024086
2025-03-24,0.9490902843933814,6.148597201146737,2.1239551224007105
2025-03-25,0.9501338685341714,6.230416343190678,2.1377631408687554
2025-03-26,0.9487998598189346,6.233555213593784,2.1482851118855186
2025-03-27,0.9434459470582865,6.161971093521201,2.1502985045829286
2025-03-28,0.9452167214270726,6.020538791452408,2.137224497964179
2025-03-31,0.9340309559258352,5.871899297132373,2.1169391632602603
2025-04-01,0.9400518447038978,6.031510913159274,2.1330495833163923
2025-04-02,0.9386607044837308,5.935656127966543,2.133698342514578
2025-04-03,0.9315846871285502,5.787526894255592,2.0890179380069704
2025-04-04,0.8907169121095571,5.187723641915234,1.9832656745870532
2025-04-07,0.8542769304097391,5.029309436720373,1.9031752282300571
2025-04-08,0.878394942100672,5.339818948996905,1.9620391687075287
2025-04-09,0.8583463714927797,5.223156240052043,1.918550568126923
2025-04-10,0.8892658084261253,5.509002383826685,1.9860195758085852
2025-04-11,0.89730798399274,5.491485021360385,1.992573891268417
2025-04-14,0.9164288546911761,5.648143163667994,2.0428001774938647
2025-04-15,0.9320673833922706,5.79678265798803,2.087577068513479
2025-04-16,0.9295006958129278,5.733258438255207,2.0882396499843088
2025-04-17,0.9318119142513018,5.671686170078059,2.085701302896976
2025-04-22,0.9360649256822633,5.7472224014933175,2.0923766878367536
2025-04-23,0.9400752145681556,5.855749032710005,2.1225202531630623
2025-04-24,0.9426449826883156,5.8874962490289455,2.120830117483601
2025-04-25,0.9454018273148407,6.022345771671605,2.1285935883869387
2025-04-28,0.9473709273409568,6.044203037756157,2.1240116253392736
2025-04-29,0.9517178885733414,6.089855713502976,2.1377419268449227
2025-04-30,0.95862893955363,6.119233893249166,2.1473927887984345
2025-05-01,0.9665381339746728,6.265470482084614,2.148051251359967
2025-05-02,0.9738438981327386,6.290328283822307,2.1740892914956023
2025-05-06,0.9779284025576075,6.383571958357025,2.174129947141463
2025-05-07,0.9758476290148443,6.314030600183977,2.167806047447703
2025-05-08,0.977943286872579,6.4373765397386284,2.1586090954682042
2025-05-09,0.9805028461114049,6.520233596464474,2.159975338349271
2025-05-12,0.9839995049506721,6.5313894459512465,2.1733700025192557
2025-05-13,0.9862386541561545,6.637671853776137,2.181506308666333
2025-05-14,0.9880272916685164,6.634722662591225,2.1843482183332434
2025-05-15,0.9947841189959086,6.488514797499319,2.193652574490937
2025-05-16,0.9994150598645005,6.537612032655415,2.203348665990785
2025-05-19,1.00102000304295,6.60466864023043,2.2149886103833074
2025-05-20,1.0096357735442583,6.6215646169865,2.248373710500159
2025-05-21,1.007817220685682,6.662729342429911,2.2561523030326716
2025-05-22,1.0013786558007893,6.788930788343485,2.256183066179463
2025-05-23,0.9989428222717349,6.796020291275784,2.2447561318659766
2025-05-27,1.0070271957611445,6.882847298728932,2.2648238998785093
2025-05-28,1.0039877304876836,6.8451051034955075,2.248214400293225
2025-05-29,1.0021570897731367,6.834751314826692,2.246975370070186
2025-05-30,1.0056576203550782,6.941265636555265,2.2548274072632863
2025-06-02,1.008456252319702,6.949754866658427,2.2687037052012995
2025-06-03,1.0058698626801075,7.101584043185261,2.279147482090318
2025-06-04,1.0108310759877142,7.119912872014949,2.284928172127573
2025-06-05,1.0132939080766636,7.0666880438105375,2.290448874507516
2025-06-06,1.0133707535038206,7.1186281616717,2.2928323355307576
2025-06-09,1.0154644312068937,7.1567280875771875,2.289354108886141
2025-06-10,1.0208994582945816,7.032780175555629,2.2814516036267896
2025-06-11,1.0229278386667966,7.091545644830744,2.284377779766314
2025-06-12,1.0233717525396369,7.076852153261161,2.2801167327063783
2025-06-13,1.0176184404202808,6.928867015648038,2.2757679763232757
2025-06-16,1.0213899120510803,6.989107476637049,2.294788605143812
2025-06-17,1.016858381092853,7.026627364229709,2.2775633534906725
2025-06-18,1.0189650372050665,7.044997931264707,2.2883026935032587
2025-06-19,1.0108433941145811,6.972401179099171,2.2693293153857734
2025-06-20,1.01046130430514,7.0192220589210805,2.2685574925020386
2025-06-23,1.0101970743664366,6.982596924012003,2.2567524867163926
2025-06-24,1.0155460344257072,7.186588821803458,2.2615118645325194
2025-06-25,1.013492452333354,7.241900030361167,2.268935755603257
2025-06-26,1.0215565130486772,7.371514199504324,2.280785141141414
2025-06-27,1.0275117495633017,7.497062423527977,2.2955984333757202
2025-06-30,1.0228192355110224,7.596909141835885,2.2903525766462316
2025-07-01,1.0273619922305983,7.395509190410398,2.280711731145284
2025-07-02,1.0163614449940823,7.40570572756611,2.2543732783918755
2025-07-03,1.0275135740073091,7.506876655283849,2.2808594936614734
2025-07-04,1.0238442486550285,7.534281464329507,2.2729996132472996
2025-07-07,1.0234155871489237,7.567113809747891,2.280416584060016
2025-07-08,1.0219120327818034,7.599947387647531,2.2905941039378503
2025-07-09,1.0237113281478272,7.662510329784352,2.2937738477543954
2025-07-10,1.0308912839967717,7.643555822681333,2.308955268782233
2025-07-11,1.026671010046666,7.712825134485268,2.306222407678482
2025-07-14,1.0315920500262417,7.794034447416606,2.3250835213402605
2025-07-15,1.0246481733916366,7.724454227951899,2.311157905368136
2025-07-16,1.0236175925369155,7.829815628310568,2.306584879470686
2025-07-17,1.0310192960582663,7.905712382893391,2.331387869860436
2025-07-18,1.0372084651585876,7.869158709522195,2.337963563254536
2025-07-21,1.0442252914450618,7.8778035079026605,2.3438951223552116
2025-07-22,1.0436238515604677,7.757366091783902,2.3390967800597853
2025-07-23,1.0430027547498666,7.774771258094432,2.3442300135476724
2025-07-24,1.051867694991076,7.816248401893281,2.3600215362651307
2025-07-25,1.0503319922735228,7.757056913084567,2.360178360315502
2025-07-28,1.042283719178984,7.828770258417936,2.341534822970565
2025-07-29,1.0408972578830307,7.9705654630019795,2.3606945586188703
2025-07-30,1.0416166522529873,7.967583192639948,2.3578158700572645
2025-07-31,1.0433723670227226,8.323231374106777,2.3704154622883795
2025-08-01,1.034227028980832,8.29547713067479,2.34417288682483
2025-08-04,1.039232594021955,8.480300939619518,2.3666732938283324
2025-08-05,1.0440007789608394,8.381493502810835,2.362864823372882
2025-08-06,1.0490418086719155,8.4315742525846,2.362632059689761
2025-08-07,1.045654811654181,8.431908299537485,2.3413922574398636
2025-08-08,1.044672345095647,8.429911441687802,2.3379629448932615
2025-08-11,1.04466324194327,8.532152916081461,2.3478029800358335
2025-08-12,1.0453107043556793,8.571285693507495,2.3596802513845296
2025-08-13,1.0464001277283659,8.494803379272323,2.3479406097882642
2025-08-14,1.0473861116889103,8.599932935702672,2.35774234667098
2025-08-15,1.0452008853599635,8.380390961553818,2.341229899271829
2025-08-18,1.0447814500908652,8.412992164057275,2.352440752989275
2025-08-19,1.0508940619545175,8.27314937534343,2.3482943870430333
2025-08-20,1.06066090470868,8.11082297695522,2.365815070533902
2025-08-21,1.0596865476791133,8.123557739072202,2.370921789652093
2025-08-22,1.0647917241984097,8.154161883008493,2.384904864510779
2025-08-26,1.0576194805690364,8.207986134202205,2.3739715467231646
2025-08-27,1.0565735255382402,8.168214702343086,2.368139978101702
2025-08-28,1.0525437520262337,8.175850917967974,2.354286685166328
2025-08-29,1.048597841199057,8.196648528022962,2.3374265422184353
2025-09-01,1.0457911837006049,8.325579349910317,2.345037069280518
2025-09-02,1.029726695872294,8.06442382328368,2.3133954315468768
2025-09-03,1.0384681404502647,8.133580177971814,2.3217417931277384
2025-09-04,1.0452299518094934,8.159299191931309,2.3384131113047952
2025-09-05,1.0514414287593015,8.149337128576112,2.3397346851026106
2025-09-08,1.0549051347598764,8.283074171810552,2.3550813128672563
2025-09-09,1.0521778047098456,8.379693627836453,2.3676616163663065
2025-09-10,1.0474963731377922,8.46697154328991,2.3594481562269976
2025-09-11,1.0522180221366382,8.564774939455736,2.387990886452946
2025-09-12,1.051175071262414,8.600379395926241,2.3965729619156724
2025-09-15,1.053804484735412,8.724794023198932,2.4101413786878525
2025-09-16,1.0471426526396663,8.586366532700215,2.3850843545340386
2025-09-17,1.0500897746938933,8.538705121784435,2.4017253713665836
2025-09-18,1.053091209796069,8.67808271647193,2.4131067594769595
2025-09-19,1.053857351587776,8.608947383372099,2.403457113986122
2025-09-22,1.054872412867627,8.608211287224012,2.4111057887989524
2025-09-23,1.0586741641924395,8.709657193942425,2.4097993229849406
2025-09-24,1.0584844968862481,8.819379755922043,2.421283583844297
2025-09-25,1.0522176309349207,8.72732933898342,2.4152921969767287
2025-09-26,1.058289827178013,8.785475693604669,2.445007166075854
2025-09-29,1.0657264947090819,8.718068634322346,2.4525286336989285
2025-09-30,1.0731110085687758,8.910177481115358,2.4734220535196214
2025-10-01,1.0753822581478358,8.853349395056265,2.476706621241507
2025-10-02,1.0763380173061328,8.731286510771458,2.4805546429313368
2025-10-03,1.0818608175980566,8.787503328306213,2.497911002390434
2025-10-06,1.0803287663815,8.731995686820422,2.4931417720300226
2025-10-07,1.0783608883227596,8.757972890623416,2.48831654723307
2025-10-08,1.082787429690986,8.814773074250086,2.5146710764454134
2025-10-09,1.0834130111046418,8.82277743299423,2.498771924223969
2025-10-10,1.0745091571754926,8.716111987046308,2.4772923277394443
2025-10-13,1.0839245100640795,8.735467590131595,2.480520940797451
2025-10-14,1.0830273157894168,8.621193440183296,2.4818634685100425
2025-10-15,1.086544303689845,8.514097548290051,2.4607774068556756
2025-10-16,1.0870791334565304,8.674063963646445,2.4599222187793965
2025-10-17,1.0759952361583824,8.377650055372298,2.4255000039318384
2025-10-20,1.0813839091799922,8.541205499397474,2.4388571529733514
2025-10-21,1.081287479557598,8.587821963109713,2.4521442351771503
2025-10-22,1.094092004798639,8.4903003078098,2.4805355451262026
2025-10-23,1.1016014782947672,8.550196559989311,2.496531220241454
2025-10-24,1.1102130693714058,8.627205557579908,2.5188375348423975
2025-10-27,1.1093695906773864,8.718059865171336,2.5283764358887826
2025-10-28,1.1094070405543843,8.758618960976374,2.5574516362076354
2025-10-29,1.1129293230587194,8.834308506954024,2.558407643820693
2025-10-30,1.1109017536348404,8.910428498877,2.568871646869221
2025-10-31,1.1044718861011813,8.9446252843968,2.559642992433352
2025-11-03,1.1007565201288199,8.918495561882182,2.566097199190901
2025-11-04,1.0966232352051342,8.800819904522827,2.5617588899736385
2025-11-05,1.103437876688244,8.840688366034918,2.5739826539475112
2025-11-06,1.0958823370142667,8.630821897155718,2.5627577521493374
2025-11-07,1.0859672832418514,8.633917374183167,2.5383528249007536
2025-11-10,1.096929224044139,8.872399559283336,2.5696953006129766
2025-11-11,1.104503834379165,8.849706146008394,2.581244127962864
2025-11-12,1.1069082781298358,8.86820005433309,2.5851253374564056
2025-11-13,1.1003403280157626,8.758349517624621,2.545720971741384
2025-11-14,1.0864406304291605,8.618222980870017,2.511018848209484
2025-11-17,1.0798642409227237,8.523456160475751,2.497441821545735
2025-11-18,1.0680102241841893,8.397041252529078,2.4689683570858616
2025-11-19,1.0672905094282492,8.359012112217929,2.445836616751876
2025-11-20,1.070992858400737,8.58191702936256,2.4560897225350757
2025-11-21,1.0702525819692532,8.45311403523416,2.4511355726346764
2025-11-24,1.0755621718172614,8.510193139054897,2.447021320093608
2025-11-25,1.085829109980224,8.595942190102749,2.4627563560421426
2025-11-26,1.1005647070956703,8.710305953784141,2.49082745847433
2025-11-27,1.1011666500947568,8.76615542044252,2.5023600808233217
2025-11-28,1.101425294475208,8.857395715711558,2.503319438231502
2025-12-01,1.1019289611632685,8.709238111458237,2.489183646949596
2025-12-02,1.0990024032265255,8.830933444149183,2.4967439362174475
2025-12-03,1.0991994285363405,8.878374624782245,2.4908548302526574
2025-12-04,1.102499914587566,9.077751744798377,2.505568739220185
2025-12-05,1.1014365776057573,9.023652376415747,2.4909383977539727
2025-12-08,1.0939129192273516,9.22720148975761,2.4921565270215007
2025-12-09,1.0916772404680701,9.219870322183029,2.4982698060436217
2025-12-10,1.0895295012631405,9.197697169303993,2.4986041717256917
2025-12-11,1.0945506579511133,9.135745770798422,2.5105904321696135
2025-12-12,1.09001739281022,9.073578948602705,2.50318131324775
2025-12-15,1.099085220294198,9.217968296721047,2.5409463533819263
2025-12-16,1.101966810511752,9.105506157066664,2.5219917970080656
2025-12-17,1.1080322576294397,9.145436731314398,2.5360804576738585
2025-12-18,1.117873824310852,9.328702071443605,2.5562983118834373
2025-12-19,1.120488452004659,9.471127291991383,2.5723513511720713
2025-12-22,1.1181650976790212,9.37172811209173,2.5725464472942736
2025-12-23,1.1193846753523897,9.387736216800501,2.5752377912145543
2025-12-24,1.1190503397076723,9.316307084203832,2.569848535488468
2025-12-29,1.1187955978575288,9.294783413874995,2.565495651860008
2025-12-30,1.1295781835792296,9.41135825479131,2.593061767443256
2025-12-31,1.126100908961794,9.394766171211108,2.590090200308071
