Date,Cluster 1,Cluster 2
2021-01-04,1.0,1.0
2021-01-05,1.0014930382434073,1.004210300475735
2021-01-06,1.0303261380506716,1.0337938896181929
2021-01-07,1.0311464046155463,1.0334023885055266
2021-01-08,1.03395566859877,1.0315747732648641
2021-01-11,1.0187548549003536,1.0191916611948313
2021-01-12,1.0097700050869594,1.012928335218674
2021-01-13,1.0093158591045914,1.011374338359031
2021-01-14,1.0196510057675512,1.0169535113945636
2021-01-15,1.008069259754527,1.0049401072284874
2021-01-18,1.009690172468262,1.0019211493942661
2021-01-19,1.0006652586500107,0.9974400376963993
2021-01-20,1.0117748555178008,1.0073089223898792
2021-01-21,1.0102805982496044,1.0057366273417565
2021-01-22,1.0075798404332086,0.9981579550061882
2021-01-25,0.9970384648763083,0.9862616084142622
2021-01-26,0.9976061744050149,0.9903471287655783
2021-01-27,0.9840812408180002,0.9784749960748432
2021-01-28,0.983424285369368,0.9792699778962165
2021-01-29,0.9651365817672292,0.9646803204889088
2021-02-01,0.9829969473341628,0.9765682872512227
2021-02-02,0.9925882316835007,0.9879205478107034
2021-02-03,0.9925934442098349,0.985737408702491
2021-02-04,0.9968701520918641,0.9877190493485369
2021-02-05,1.000436492187351,0.989973535212579
2021-02-08,1.0007444863155626,0.9934459985840413
2021-02-09,1.0018465600092576,0.9924645658753513
2021-02-10,1.0002994014467999,0.9891308522142144
2021-02-11,1.0059049893854521,0.9911507066834492
2021-02-12,1.0118802465985792,0.996908187165076
2021-02-15,1.037313929185443,1.0165231388602434
2021-02-16,1.0338536620515668,1.0167541127912765
2021-02-17,1.025241970997993,1.006755003072256
2021-02-18,1.0141980785412892,0.9933097532210018
2021-02-19,1.0205806072513228,0.9972321697436451
2021-02-22,1.0126998423122238,0.9980473124576951
2021-02-23,1.0129342012443945,1.0015878532136144
2021-02-24,1.0185127229872384,1.0083602448530475
2021-02-25,1.0122838418577078,1.0036859348583962
2021-02-26,0.9851391526792377,0.9809635005101243
2021-03-01,1.0072364603261157,0.9963686812303562
2021-03-02,1.0081108505723777,0.9983597543196717
2021-03-03,1.0229254372478591,1.0056538457388535
2021-03-04,1.0124635964223019,1.000265506496566
2021-03-05,1.0012293454869707,0.9930377076832791
2021-03-08,1.0155571560711583,1.0068372930641087
2021-03-09,1.02200343968419,1.0141250740522527
2021-03-10,1.0244552379408547,1.0123304540483251
2021-03-11,1.0295519558515356,1.014774782508696
2021-03-12,1.0317218547536235,1.0168253570362513
2021-03-15,1.0305706290068115,1.0175549400570822
2021-03-16,1.0483156976771353,1.0287431190748577
2021-03-17,1.0386093558212766,1.0212753895787163
2021-03-18,1.0419262633850985,1.0230715995030701
2021-03-19,1.030865204610196,1.013599329267054
2021-03-22,1.0345225602654649,1.0111146873269634
2021-03-23,1.0332126646004243,1.004350699772623
2021-03-24,1.0379697398723162,1.0072159896857389
2021-03-25,1.0348600238597703,1.0027480758015295
2021-03-26,1.0427059122085378,1.012245206288995
2021-03-29,1.038248337353433,1.0081670712220383
2021-03-30,1.0462835424956753,1.017654661313963
2021-03-31,1.0376365577730964,1.013653449967002
2021-04-01,1.0521310170068638,1.0225161135040475
2021-04-06,1.0627799659234647,1.0345766898648816
2021-04-07,1.0724609935950262,1.0441659613867125
2021-04-08,1.0801315983111586,1.0521908382425156
2021-04-09,1.0828555778970388,1.0502441757686685
2021-04-12,1.0756848549253781,1.0487105811302568
2021-04-13,1.079976164700427,1.054224020940003
2021-04-14,1.0830843575525406,1.0558863681354589
2021-04-15,1.0888331430339513,1.0610171293189643
2021-04-16,1.0952556858326083,1.0663493600875114
2021-04-19,1.0931168572408383,1.064512783513461
2021-04-20,1.076583207792459,1.0403219892739466
2021-04-21,1.079393247450655,1.042875283630775
2021-04-22,1.0898857161520208,1.0505885424688997
2021-04-23,1.090487092402081,1.0492128581674496
2021-04-26,1.0948394549680054,1.0601326152846524
2021-04-27,1.0924048333952392,1.054409356986998
2021-04-28,1.0923429416568167,1.0550355533912001
2021-04-29,1.0919469098367038,1.0541130649539259
2021-04-30,1.0910540930555572,1.0554511310964032
2021-05-04,1.0837728448189803,1.0442069550034028
2021-05-05,1.0977826471533882,1.0566012551427713
2021-05-06,1.102553811503973,1.0612047140655956
2021-05-07,1.110615250688056,1.0728597282690697
2021-05-10,1.107688186853212,1.0697212604267974
2021-05-11,1.0776429214586833,1.039772636642262
2021-05-12,1.079520378615777,1.0440351631885294
2021-05-13,1.0711756449413303,1.0432427044735728
2021-05-14,1.0887244422376094,1.0576736449382582
2021-05-17,1.0840492386187703,1.0529819010190216
2021-05-18,1.0861169151126373,1.0557281392346884
2021-05-19,1.074148763858222,1.046614188175873
2021-05-20,1.0883843006308804,1.0563674119087705
2021-05-21,1.0851764526983858,1.057541561762039
2021-05-24,1.0924688426439835,1.063137358963005
2021-05-25,1.0882542715870591,1.0630990634503688
2021-05-26,1.091134589165162,1.0676352115984824
2021-05-27,1.0887037166373412,1.0701558244772529
2021-05-28,1.093488328924948,1.069095866103892
2021-06-01,1.103619219819709,1.0779601028165067
2021-06-02,1.1077176176036292,1.0797304599992879
2021-06-03,1.0987157846413207,1.0730011231282464
2021-06-04,1.100802449853959,1.072290958314602
2021-06-07,1.1045214686422318,1.0770062900224078
2021-06-08,1.11020028754484,1.078803760587739
2021-06-09,1.100138604363382,1.0760888727042908
2021-06-10,1.0999951870952105,1.0726108041226927
2021-06-11,1.1085277801930062,1.0798620571345539
2021-06-14,1.1118498220699553,1.07368551455441
2021-06-15,1.1128697034016402,1.0747143020732186
2021-06-16,1.1149432617978339,1.0786705103792311
2021-06-17,1.1109454333928916,1.0770384694772948
2021-06-18,1.0877023337628262,1.0593712225288356
2021-06-21,1.0980506872726157,1.0683079603399788
2021-06-22,1.1061415817135285,1.0728289047801822
2021-06-23,1.1038414289451852,1.067812220406556
2021-06-24,1.1066229707257977,1.0670928583871073
2021-06-25,1.1104807664152427,1.0698014954655923
2021-06-28,1.096824169602188,1.0614686888841267
2021-06-29,1.0985766002413937,1.0609383954370644
2021-06-30,1.090489937741566,1.053552329760781
2021-07-01,1.1032493684149278,1.0688466941405077
2021-07-02,1.1075399180901142,1.0702771859547155
2021-07-05,1.1170084556123365,1.079083420173295
2021-07-06,1.1094573702282835,1.0724979700644939
2021-07-07,1.1193070709055866,1.0781502855454723
2021-07-08,1.0963902263731207,1.0616558424292515
2021-07-09,1.1161044024160116,1.0749371560147325
2021-07-12,1.117248577357601,1.0754289178144456
2021-07-13,1.1183489648030436,1.0767016014215345
2021-07-14,1.1123805097454276,1.0713270797596943
2021-07-15,1.101692917196824,1.058982959989437
2021-07-16,1.1023779207116557,1.0585363798738066
2021-07-19,1.0764292166969762,1.0308629484896077
2021-07-20,1.085495001387624,1.036760962665894
2021-07-21,1.1098790019907636,1.0586642471186922
2021-07-22,1.1135273563949664,1.060999003766896
2021-07-23,1.1226562806291862,1.0714693641626853
2021-07-26,1.120881450611636,1.0739019282525042
2021-07-27,1.1150696649828415,1.069486060190029
2021-07-28,1.1230427798787836,1.0738370546507419
2021-07-29,1.127119285061506,1.079665633150332
2021-07-30,1.12043772996062,1.069703418052297
2021-08-02,1.13169948562922,1.0767357396182886
2021-08-03,1.1297073912320057,1.0788066282272424
2021-08-04,1.1411305906112588,1.0824789704453956
2021-08-05,1.1479250253177529,1.0871460763548353
2021-08-06,1.1435460292624249,1.0889562902438723
2021-08-09,1.1426610104279917,1.0877772080965658
2021-08-10,1.1471321209782108,1.0927228013490808
2021-08-11,1.1579217529980417,1.1013509447986896
2021-08-12,1.155258968267251,1.098434354920774
2021-08-13,1.1599710978215567,1.1013826558223487
2021-08-16,1.1491651374655691,1.0952712377581897
2021-08-17,1.145342246310378,1.0953149895956753
2021-08-18,1.1448189567106115,1.0955849857578428
2021-08-19,1.1270803793385777,1.082019780373079
2021-08-20,1.1346048563705862,1.0894914300393357
2021-08-23,1.1356020278071275,1.0947815634468878
2021-08-24,1.141599657472432,1.0989586323578173
2021-08-25,1.145876294376393,1.1020647484326536
2021-08-26,1.1401356928601372,1.0993262166362487
2021-08-27,1.1460223742808404,1.1005489083448723
2021-08-31,1.1462892111406937,1.097865401961671
2021-09-01,1.1582526164944333,1.1046049465252803
2021-09-02,1.156751492182227,1.103470774729111
2021-09-03,1.1552438553163091,1.0994321150942759
2021-09-06,1.1633019344050526,1.1042745113836931
2021-09-07,1.1579390837203567,1.0980276064117152
2021-09-08,1.1448068956422424,1.0903348991021402
2021-09-09,1.1409532918971341,1.0847411468989152
2021-09-10,1.1410870960585415,1.0851624913511921
2021-09-13,1.1443657914498773,1.088828299294503
2021-09-14,1.1438900704554753,1.084493558954102
2021-09-15,1.1342760636777325,1.0774436869546955
2021-09-16,1.1424588646339116,1.0853199092721557
2021-09-17,1.1313583853124598,1.0813377853222268
2021-09-20,1.1119142820155068,1.0714068032713093
2021-09-21,1.1288562849584913,1.0825446287613278
2021-09-22,1.1421414353299795,1.0980459057312613
2021-09-23,1.1393579680636958,1.0983328269804253
2021-09-24,1.125043760913753,1.0919042115096922
2021-09-27,1.123025519252454,1.092051936445976
2021-09-28,1.1062297709586109,1.076746791523257
2021-09-29,1.1124778585708444,1.0852401455323448
2021-09-30,1.1069309434426051,1.0787009780829513
2021-10-01,1.1007313543891752,1.0752440920684434
2021-10-04,1.0903638294026388,1.0704608862474123
2021-10-05,1.099607861044489,1.079230164116804
2021-10-06,1.0807465512373982,1.0654919280040898
2021-10-07,1.0912666178575388,1.0761698046738526
2021-10-08,1.0886109469721617,1.0785772206888737
2021-10-11,1.0902127835938016,1.0821183587581444
2021-10-12,1.090023494151679,1.0808859612820336
2021-10-13,1.102250903050807,1.0829822042246973
2021-10-14,1.1127973363450585,1.0952920159900492
2021-10-15,1.116781926911304,1.0968411246786671
2021-10-18,1.1107388711760497,1.0900286768369047
2021-10-19,1.1143452223318608,1.09331988301363
2021-10-20,1.1121168417450016,1.0948334946800744
2021-10-21,1.109334910144849,1.090617461610189
2021-10-22,1.114523021866684,1.0876772028953106
2021-10-25,1.1158773468289722,1.0909886140115161
2021-10-26,1.1295214193806962,1.0978247588703751
2021-10-27,1.1295655347854385,1.0946609263767217
2021-10-28,1.1284500663813162,1.096551685829887
2021-10-29,1.1263073838663495,1.0940011477466265
2021-11-01,1.1317892878696736,1.103827053335703
2021-11-02,1.1305796548300728,1.10094787995933
2021-11-03,1.130778694208237,1.0988934936572328
2021-11-04,1.1491584675694306,1.1067881737776013
2021-11-05,1.1490631691795943,1.1210543694417103
2021-11-08,1.1476884958700975,1.1183682145105744
2021-11-09,1.1412879877355069,1.1144069789001119
2021-11-10,1.1510538459855677,1.1305935716242508
2021-11-11,1.1598100324469134,1.1396440666962302
2021-11-12,1.1652612631228927,1.1387246275393674
2021-11-15,1.1590804090727218,1.1407522364105749
2021-11-16,1.1631461664627134,1.1363166539159062
2021-11-17,1.1537923380531376,1.1311060171683949
2021-11-18,1.1591001191048682,1.131393363262486
2021-11-19,1.1568750213770327,1.1246966589411023
2021-11-22,1.1574340801885221,1.1285976604219115
2021-11-23,1.1469059480141008,1.1242278755616577
2021-11-24,1.1528486738690333,1.1239744822437392
2021-11-25,1.158182082708398,1.1286474764492673
2021-11-26,1.1213578493451488,1.0848109579721064
2021-11-29,1.1336483447608126,1.0957838556555468
2021-11-30,1.1193684479631294,1.084791881635444
2021-12-01,1.139012412594036,1.1023338190098715
2021-12-02,1.1263115429268582,1.0943620183010945
2021-12-03,1.1258411884705557,1.0951849330447416
2021-12-06,1.140804556784307,1.112012386845036
2021-12-07,1.1575006858654682,1.129245438655067
2021-12-08,1.158703895082181,1.124961008557319
2021-12-09,1.157992938425971,1.1213816235735454
2021-12-10,1.1493751253486832,1.1161881655705814
2021-12-13,1.1397001909710154,1.1054870189662125
2021-12-14,1.1272962892497598,1.1009307900747594
2021-12-15,1.1235911531031433,1.0935329564486487
2021-12-16,1.126001222956189,1.1063093629408658
2021-12-17,1.1304528090378323,1.106910613141761
2021-12-20,1.1199806404540296,1.0955875808078253
2021-12-21,1.1359164768455403,1.1113963472088917
2021-12-22,1.1459988832489856,1.1222756210713485
2021-12-23,1.1515408910186358,1.1288273381715164
2021-12-24,1.1533603146915716,1.1289418273464087
2021-12-29,1.1653708918670256,1.1407263506268304
2021-12-30,1.1644494787431543,1.1402085194030096
2021-12-31,1.162112260273153,1.1379274515710511
2022-01-04,1.172918904257061,1.1593462309163973
2022-01-05,1.171724670316602,1.1614569228457423
2022-01-06,1.1552383781202922,1.149580877993354
2022-01-07,1.1544395334817406,1.1532834511167156
2022-01-10,1.135832463077279,1.1446302856039903
2022-01-11,1.1388213454634288,1.1498132903149436
2022-01-12,1.1385972598388086,1.1555779848332397
2022-01-13,1.13217413699825,1.1524672190743934
2022-01-14,1.120857780290646,1.1454686176596567
2022-01-17,1.132953558493479,1.1559089704861802
2022-01-18,1.1264229517054214,1.147476900405052
2022-01-19,1.1334689582848554,1.1490101026837929
2022-01-20,1.1395552095889894,1.147947361821773
2022-01-21,1.1227480926577273,1.1296623241532515
2022-01-24,1.0839921518603843,1.0951544771830335
2022-01-25,1.0867893055679279,1.1093239577005685
2022-01-26,1.0987162479802943,1.1210294125008478
2022-01-27,1.1032440121227622,1.125480342067457
2022-01-28,1.0963176532872625,1.1135083905709051
2022-01-31,1.1046781229373597,1.1211439324254837
2022-02-01,1.1110001957827182,1.132840793836862
2022-02-02,1.1218447516964776,1.1398886417969585
2022-02-03,1.1070166279627611,1.1286459733858982
2022-02-04,1.0962903244022937,1.1173383874493015
2022-02-07,1.099502128481703,1.1229427299820136
2022-02-08,1.1020009133181121,1.1213058696103215
2022-02-09,1.119152537212614,1.136211025316357
2022-02-10,1.1216757703585576,1.1401346211158736
2022-02-11,1.1102717597908716,1.1361845763874954
2022-02-14,1.0943209117947914,1.1158429387114024
2022-02-15,1.1042573245361131,1.130322108409973
2022-02-16,1.103733511023696,1.1271674796324922
2022-02-17,1.0939177415977177,1.1149829983267066
2022-02-18,1.0920103991100887,1.1097258342364589
2022-02-21,1.0814261434269554,1.1003856048430019
2022-02-22,1.0831220459781052,1.103758705714237
2022-02-23,1.0798711621816757,1.1015913935472965
2022-02-24,1.0406368143987919,1.059902458301048
2022-02-25,1.0771000664636623,1.1012279268514025
2022-02-28,1.081598639575249,1.1018228056241737
2022-03-01,1.053827715388911,1.0748224207753438
2022-03-02,1.0631815084919942,1.089299585492212
2022-03-03,1.039694357936537,1.0539807657510496
2022-03-04,1.0010744454998712,1.0160359938583656
2022-03-07,0.9895602960176735,1.0062737465527674
2022-03-08,0.9812797689833083,1.0100942623453715
2022-03-09,1.0250794353770303,1.0504639059768794
2022-03-10,1.0130606592802123,1.0417872123506828
2022-03-11,1.0238558231255204,1.0526781708667579
2022-03-14,1.0354757832943189,1.0671107702180134
2022-03-15,1.0263760792860641,1.0655866535108236
2022-03-16,1.0585899272713053,1.0866025256583378
2022-03-17,1.06889263218525,1.095200221180899
2022-03-18,1.077481498938479,1.0991525943547935
2022-03-21,1.0752418249750986,1.100519715026895
2022-03-22,1.0813893018794318,1.1031817818954714
2022-03-23,1.0648693387983608,1.0977628945960969
2022-03-24,1.0618503003187443,1.0985648549745075
2022-03-25,1.064590354519597,1.0987752119977665
2022-03-28,1.0703659940496981,1.0975201104928338
2022-03-29,1.0934480716974573,1.1138132684797497
2022-03-30,1.088779826880936,1.1065444886485403
2022-03-31,1.0775910501620347,1.0964833184090623
2022-04-01,1.0807816077535406,1.0969603015114155
2022-04-04,1.0852204070347433,1.1021940417134057
2022-04-05,1.0938921846037841,1.1030058890551948
2022-04-06,1.0853195425173956,1.093815885404233
2022-04-07,1.0758977942688783,1.0908087066331253
2022-04-08,1.083832584136923,1.102213207528171
2022-04-11,1.0757898039245635,1.098168155652742
2022-04-12,1.0713861948647971,1.0952016409019674
2022-04-13,1.0685585220978593,1.0948188932766296
2022-04-14,1.0757040451837092,1.1001344310545103
2022-04-19,1.0688121058265705,1.0973066978478832
2022-04-20,1.073030560557029,1.105524640746744
2022-04-21,1.0733196678586578,1.1114371853320728
2022-04-22,1.05619612300842,1.0966006883091577
2022-04-25,1.0402488313991012,1.0816399848566591
2022-04-26,1.0359608080833287,1.0747059761327105
2022-04-27,1.0356740512594302,1.0776135367106114
2022-04-28,1.0438222203399072,1.0896285347426466
2022-04-29,1.048821012028808,1.093025608761855
2022-05-03,1.0361806360124861,1.0953497892885518
2022-05-04,1.0195899296761537,1.0839357321619956
2022-05-05,1.0225274096915797,1.0788021337511682
2022-05-06,0.9950738851281405,1.0612763970454222
2022-05-09,0.9648198672413916,1.0381060768763712
2022-05-10,0.9688051257385754,1.0407000694334942
2022-05-11,0.9854572375063244,1.0550872464681056
2022-05-12,0.9756484775516602,1.0442237842793554
2022-05-13,0.9998586661179012,1.069492023076562
2022-05-16,1.0033730432928438,1.0752935587424135
2022-05-17,1.0122097328132236,1.0843138384603037
2022-05-18,1.0002612919229583,1.0758348465796317
2022-05-19,0.9832681840577743,1.0550291775473546
2022-05-20,0.997225382585701,1.0663155844697296
2022-05-23,1.011589382645113,1.08398628505022
2022-05-24,1.0041518786423087,1.075146014716308
2022-05-25,1.0052362507761112,1.0836380507915304
2022-05-26,1.016352793721657,1.0937746171858
2022-05-27,1.0230325024017917,1.0988068029289668
2022-05-30,1.0328301541136686,1.1036555606225904
2022-05-31,1.0243444542235176,1.0980427755768354
2022-06-01,1.0123054310652595,1.092038600433196
2022-06-06,1.0271003095226552,1.1068198881171796
2022-06-07,1.019355771211313,1.1010546507844279
2022-06-08,1.0140548179426156,1.0970203634240685
2022-06-09,1.0005202365110049,1.0821708729859136
2022-06-10,0.9745614460596553,1.0612336693585438
2022-06-13,0.9524172430116112,1.0417642890717977
2022-06-14,0.9418250907537492,1.0365672908211412
2022-06-15,0.9622756252002529,1.0525952547868704
2022-06-16,0.9313223303507494,1.0179939788587467
2022-06-17,0.9373574764014011,1.0240827869675844
2022-06-20,0.9406859839148453,1.037560492562313
2022-06-21,0.9422818938010428,1.0389292640630337
2022-06-22,0.9340703619092946,1.0345323754358153
2022-06-23,0.9227977941296173,1.0203358562009217
2022-06-24,0.9488228814132966,1.0443949580966456
2022-06-27,0.9554189767025183,1.05350644659168
2022-06-28,0.962452834238495,1.061634596561448
2022-06-29,0.9467807171830251,1.053452362298394
2022-06-30,0.925238395671703,1.0355693767573775
2022-07-01,0.9222219686388345,1.0396734410509605
2022-07-04,0.9242788404923168,1.0467726326764906
2022-07-05,0.9071414565961297,1.0195922809279618
2022-07-06,0.9245064011351595,1.034051261782432
2022-07-07,0.9365167129646399,1.04860324343871
2022-07-08,0.9404254975137025,1.0534929146866099
2022-07-11,0.9353291720250543,1.0527647861809506
2022-07-12,0.9415336094124249,1.0576869091357366
2022-07-13,0.9351565503394437,1.0500717892669233
2022-07-14,0.9227414036009239,1.032688941769576
2022-07-15,0.9329035259173489,1.0529582023737387
2022-07-18,0.9441702122322082,1.0625912578152494
2022-07-19,0.955729575468341,1.0773275070029855
2022-07-20,0.9571104854484038,1.0775652152076372
2022-07-21,0.967196469555825,1.0849019030009135
2022-07-22,0.9710684010668832,1.0882734796601636
2022-07-25,0.9681255956576231,1.090254134414636
2022-07-26,0.9549137780263026,1.0836156194972275
2022-07-27,0.9587215108931469,1.0935068106794277
2022-07-28,0.9682785817628021,1.0942337738491759
2022-07-29,0.9855225256978984,1.10662065851974
2022-08-01,0.9816526536465842,1.1088803739068016
2022-08-02,0.9697589385933042,1.1083118978567637
2022-08-03,0.9762978429592781,1.112865266602649
2022-08-04,0.9826329092930088,1.115493789557536
2022-08-05,0.9713437724075131,1.1109414459548377
2022-08-08,0.9819371823783359,1.1180699224014512
2022-08-09,0.9693642584656453,1.1161905718248009
2022-08-10,0.9898115865010862,1.1285988943036445
2022-08-11,0.9865595013195853,1.1225590482013694
2022-08-12,0.9897677435511459,1.1252340540118961
2022-08-15,0.991344624567732,1.129502291320662
2022-08-16,0.990923479102033,1.1331538542901345
2022-08-17,0.974608379040563,1.127606670851868
2022-08-18,0.9775253337214103,1.1321695054459828
2022-08-19,0.9650054937496694,1.1270222061418227
2022-08-22,0.9506682446415485,1.1186904378488443
2022-08-23,0.9438495111603277,1.1068782455924298
2022-08-24,0.9377410340311704,1.1061838337547532
2022-08-25,0.9341416497366068,1.1033666286288175
2022-08-26,0.9228477909215552,1.0908857057716181
2022-08-30,0.9193917726618069,1.0789497713582503
2022-08-31,0.9107966451097024,1.0723695388000096
2022-09-01,0.8790798122987156,1.049705983712158
2022-09-02,0.9022430777281796,1.0711992900608855
2022-09-05,0.8985092384277936,1.068931117384819
2022-09-06,0.9100788832213444,1.0787121931430872
2022-09-07,0.9031935353498103,1.0744254065709218
2022-09-08,0.9017481341394954,1.0772497462008042
2022-09-09,0.9182887360811575,1.0942544803640928
2022-09-12,0.9388831684441759,1.1138783509767989
2022-09-13,0.9201649478186168,1.0983936126229261
2022-09-14,0.9035955099430797,1.0791788935442257
2022-09-15,0.9063849420451024,1.0793291469270014
2022-09-16,0.8979509421132503,1.0725530230450508
2022-09-20,0.8811740235920665,1.0623518104304495
2022-09-21,0.8904618260169155,1.0700386451056145
2022-09-22,0.8688748110160494,1.0560349370932187
2022-09-23,0.8464997681142891,1.0355726081650292
2022-09-26,0.8376552963288146,1.0327028891096302
2022-09-27,0.8245175380102729,1.0214258561787923
2022-09-28,0.8377696850454652,1.0176727885229964
2022-09-29,0.8141503661615997,0.9900656023858994
2022-09-30,0.8281383780756643,0.9992655378323926
2022-10-03,0.8357213269839604,1.0038137708094874
2022-10-04,0.8593965567238278,1.0323864079371856
2022-10-05,0.8431318780745953,1.0252697872243124
2022-10-06,0.8389853785800988,1.0200340600672124
2022-10-07,0.8263966296952762,1.0132919813597077
2022-10-10,0.825087046365399,1.0120586965882268
2022-10-11,0.8143184756608044,1.0011871890828563
2022-10-12,0.8008200845346742,0.986555676768725
2022-10-13,0.8116820499718249,0.998321098573452
2022-10-14,0.8181404435805508,1.001610389935086
2022-10-17,0.8361658066797027,1.015967134968601
2022-10-18,0.8390987733498956,1.0204541940193737
2022-10-19,0.8278042467496548,1.0144785417411284
2022-10-20,0.8343976166573651,1.0163774639289402
2022-10-21,0.8313681281502039,1.0130913714115002
2022-10-24,0.8408181382469643,1.027430344150405
2022-10-25,0.8582363428780452,1.0377382001383928
2022-10-26,0.8648653309469175,1.0462181467420697
2022-10-27,0.8625894471084525,1.0432344162646259
2022-10-28,0.8542981095278634,1.0369137825771482
2022-10-31,0.8555403218044919,1.0430240908774682
2022-11-01,0.867304725220885,1.0562048418732157
2022-11-02,0.8617999374585174,1.053343829683861
2022-11-03,0.8521144447607658,1.0571292454673191
2022-11-04,0.8740427802413293,1.0740172096309237
2022-11-07,0.8768046463207675,1.0741263452361425
2022-11-08,0.8818680066881835,1.0814447644019032
2022-11-09,0.8789397635992595,1.0843015943462697
2022-11-10,0.9138688453881803,1.106665109185468
2022-11-11,0.9201588089673342,1.0983091992835445
2022-11-14,0.9204370235384072,1.1069164948162478
2022-11-15,0.9158827163926911,1.1042560580411194
2022-11-16,0.9039542281662429,1.0981289073530147
2022-11-17,0.9006483781777455,1.1020845757108528
2022-11-18,0.9124174625117012,1.113481806650499
2022-11-21,0.9102732887750307,1.1155663985292519
2022-11-22,0.9115330770678768,1.1234678501674071
2022-11-23,0.9196661649638789,1.1286083729556529
2022-11-24,0.9251433014901728,1.13238703582586
2022-11-25,0.9246926691561943,1.1326480012388287
2022-11-28,0.9164894400781339,1.1251944170869197
2022-11-29,0.9150931983806925,1.1247507833079817
2022-11-30,0.9159110532857535,1.1300814770249856
2022-12-01,0.9227924875268179,1.1326764535429132
2022-12-02,0.9274233947413963,1.132095669080062
2022-12-05,0.9254013098231731,1.1303686193046685
2022-12-06,0.9182862272993793,1.1246696021200513
2022-12-07,0.9112842204835582,1.119053394222381
2022-12-08,0.905510305789851,1.1152508107271681
2022-12-09,0.9082724639095124,1.1224370720304837
2022-12-12,0.9005635397599446,1.115778422975074
2022-12-13,0.9157549468908948,1.124015711744253
2022-12-14,0.9152448855311537,1.1230717446838414
2022-12-15,0.9028370541965929,1.1124748945004241
2022-12-16,0.8817284728434803,1.0999829027021164
2022-12-19,0.8800772675111367,1.103602559648956
2022-12-20,0.875057347608037,1.1050303514240918
2022-12-21,0.8940454859688034,1.122384737491691
2022-12-22,0.8863024847622486,1.116317562844313
2022-12-23,0.8891772251119022,1.117784423088941
2022-12-28,0.8940041329378743,1.1217301756596803
2022-12-29,0.8986699259462172,1.1253523298976142
2022-12-30,0.8893245359746899,1.1167625679577868
2023-01-03,0.9030168761770582,1.129366452070704
2023-01-04,0.9172228294734648,1.1430673201133033
2023-01-05,0.919432327723702,1.1515962792263148
2023-01-06,0.928367661526208,1.1594842638529506
2023-01-09,0.9371325711327451,1.1592954262541741
2023-01-10,0.9325160988359072,1.1567823082858897
2023-01-11,0.9453376787420726,1.1618643813823482
2023-01-12,0.9653759427192272,1.173358279646637
2023-01-13,0.9694903851246026,1.18035924060215
2023-01-16,0.9780400288353132,1.1813897768738173
2023-01-17,0.9747837412383668,1.1821520949795168
2023-01-18,0.9735736649113117,1.1816751433228179
2023-01-19,0.9596021570640915,1.1702920253552265
2023-01-20,0.9665867946879487,1.1766329275139378
2023-01-23,0.9690560881422917,1.1789414040612378
2023-01-24,0.9719294040817992,1.1810367644168724
2023-01-25,0.9685272528374125,1.1779202974821847
2023-01-26,0.9735989963582137,1.1875679834674375
2023-01-27,0.9761631840027406,1.1915066134565988
2023-01-30,0.9738438189345768,1.1935956278394872
2023-01-31,0.9686192367979956,1.1892927065056937
2023-02-01,0.969407479567058,1.1894504016014875
2023-02-02,1.0071283739994754,1.2060109380634247
2023-02-03,1.006918830593748,1.2132845341189256
2023-02-06,0.9901444603697784,1.2039688502308024
2023-02-07,0.9849547892152577,1.2031927367646054
2023-02-08,0.9861617360701976,1.206533006488518
2023-02-09,0.9776450117102085,1.2105064511930408
2023-02-10,0.9617863021987936,1.1984761891872446
2023-02-13,0.9693915357482327,1.2082512732030066
2023-02-14,0.9671667675062233,1.2080636702141463
2023-02-15,0.9760391536755463,1.2169835251127035
2023-02-16,0.9798462548549693,1.2216210203922924
2023-02-17,0.9802225415612125,1.2198284938117214
2023-02-20,0.9825070452899686,1.2173773318377674
2023-02-21,0.968463882639497,1.2099412477380294
2023-02-22,0.9626468573922511,1.203273530999595
2023-02-23,0.9591431182755544,1.20797821359215
2023-02-24,0.9519142877620225,1.2080248620007592
2023-02-27,0.9632600574008735,1.2201214140212235
2023-02-28,0.9617760054798903,1.2130236568154302
2023-03-01,0.9604026334571525,1.2171497472498245
2023-03-02,0.9604829181201096,1.2175774316759387
2023-03-03,0.9679937740785322,1.2184076226030638
2023-03-06,0.9686892504797571,1.220508712718857
2023-03-07,0.9597220679070876,1.216024572687044
2023-03-08,0.9566192712739313,1.2168085253571237
2023-03-09,0.9449457170032571,1.2130167727025511
2023-03-10,0.9294488980187013,1.190328263902001
2023-03-13,0.90663872784824,1.155860234783148
2023-03-14,0.9185996535479415,1.1750439130827979
2023-03-15,0.8878753065687227,1.1326736084723552
2023-03-16,0.901527638633898,1.1435584411785635
2023-03-17,0.8860963993548837,1.1273821192014972
2023-03-20,0.8982231787336599,1.1373545427038196
2023-03-21,0.9087938341234176,1.1606100560145503
2023-03-22,0.9049440895419412,1.163392857364002
2023-03-23,0.9006915713348577,1.158799022024249
2023-03-24,0.8883670135117803,1.1429845166158121
2023-03-27,0.8934715626266282,1.1522578938112813
2023-03-28,0.8934895233999903,1.1521847946766883
2023-03-29,0.9086384427009028,1.1649266252986756
2023-03-30,0.9249795146301587,1.1792652271497102
2023-03-31,0.9284597371330247,1.1835390094990248
2023-04-03,0.9251149032319184,1.1838697190857634
2023-04-04,0.9218108881090227,1.1802176268642923
2023-04-05,0.9128826717560761,1.1782737068557012
2023-04-06,0.9250850426833661,1.1872218177597784
2023-04-11,0.9354398043733391,1.194066578540148
2023-04-12,0.9417061339798307,1.1985163785666895
2023-04-13,0.945829772239521,1.2017618254900253
2023-04-14,0.9516347062354441,1.2059152270495377
2023-04-17,0.9518028086973733,1.2086020918882605
2023-04-18,0.9573453046511365,1.2119046909768876
2023-04-19,0.9523007794886218,1.20919691406382
2023-04-20,0.9538622101961631,1.211920810313091
2023-04-21,0.9548234850615236,1.2159926419514626
2023-04-24,0.9548142156062713,1.2173334039684078
2023-04-25,0.9528327463949606,1.2143513944024693
2023-04-26,0.9525566308933348,1.2140492722816314
2023-04-27,0.9501772059964199,1.2148957170131869
2023-04-28,0.9607249110798082,1.2212533254550049
2023-05-02,0.952243746028972,1.208161822863779
2023-05-03,0.9551086638961249,1.2134570100495232
2023-05-04,0.9421858381414874,1.2009259713084106
2023-05-05,0.9521784127885855,1.2118106168975529
2023-05-09,0.9431407708765122,1.2123112870422401
2023-05-10,0.9417804236384384,1.2104029399722134
2023-05-11,0.9398707834514274,1.211841609511649
2023-05-12,0.9361695623075754,1.218877114268074
2023-05-15,0.9411392131407558,1.2225946405479833
2023-05-16,0.9374176700643203,1.2217520999153695
2023-05-17,0.9285482209624728,1.2204268883015652
2023-05-18,0.9277611012086033,1.2281076629215497
2023-05-19,0.9257248821495664,1.227748112915297
2023-05-22,0.9297431822742056,1.230231833151055
2023-05-23,0.9269057804932567,1.2231038243050152
2023-05-24,0.9044520048513903,1.2065061813785785
2023-05-25,0.8952281330032311,1.2034776019266649
2023-05-26,0.8985985816157639,1.2116980453775383
2023-05-30,0.897280349064155,1.2057523756596809
2023-05-31,0.8874948507268494,1.1960886325546582
2023-06-01,0.8929072521136501,1.2050402109829663
2023-06-02,0.9115869819026472,1.2207693928866366
2023-06-05,0.9091933347162453,1.2174035345577658
2023-06-06,0.916121396282545,1.222896761138239
2023-06-07,0.912377010571582,1.2218309733478245
2023-06-08,0.9073043975348274,1.2183651509483684
2023-06-09,0.8999626042986113,1.2136300044347104
2023-06-12,0.8991394793628604,1.2177451493087759
2023-06-13,0.8974422649930984,1.2225855339731313
2023-06-14,0.8988064859095891,1.2243070161696055
2023-06-15,0.89591008820007,1.220902564233409
2023-06-16,0.8963354114148456,1.2222607526448332
2023-06-19,0.8855315571550211,1.2155964095717537
2023-06-20,0.880517391470502,1.2133637130963144
2023-06-21,0.8699773563159148,1.2073030433162573
2023-06-22,0.862479192766314,1.1937895868010036
2023-06-23,0.8511759651242503,1.1869743075315784
2023-06-26,0.8528851770364136,1.1864678108933082
2023-06-27,0.8542205511282116,1.1911588291959607
2023-06-28,0.8620320046714973,1.2033802561099267
2023-06-29,0.8518330316422851,1.19375854751862
2023-06-30,0.8614516417117015,1.2037663862039163
2023-07-03,0.8677668217775918,1.2061719037072771
2023-07-04,0.8697421806467946,1.200025085302947
2023-07-05,0.8592587233651184,1.1888229531933603
2023-07-06,0.8349361699320954,1.1653858999350855
2023-07-07,0.8367775315652469,1.167067817980198
2023-07-10,0.838784644016266,1.1705512560817561
2023-07-11,0.8454246563490371,1.1714393731788026
2023-07-12,0.8656962628053008,1.1941429253841715
2023-07-13,0.8699291671103042,1.1999665508831054
2023-07-14,0.8708038340945606,1.2000118692335864
2023-07-17,0.8643415529232868,1.1975579696643976
2023-07-18,0.8722243417068324,1.2054135421454637
2023-07-19,0.901783307591883,1.2282621601308177
2023-07-20,0.9054461817970911,1.2379889417202734
2023-07-21,0.9031542591623928,1.2405359923891275
2023-07-24,0.9026778930575465,1.2402651153308004
2023-07-25,0.9087000836132892,1.237276328389934
2023-07-26,0.9095043984708369,1.241740055821622
2023-07-27,0.9081761803763746,1.2510205970506219
2023-07-28,0.9020697241558803,1.2482169823369484
2023-07-31,0.9011097554998192,1.2491404289723718
2023-08-01,0.8937295154169023,1.2434262783278436
2023-08-02,0.8782135356831141,1.2300941787050303
2023-08-03,0.8737481865263441,1.226289297580201
2023-08-04,0.8788502435292289,1.2345700613029387
2023-08-07,0.8749477722836386,1.2344461788732233
2023-08-08,0.8661676903078809,1.2316023947943622
2023-08-09,0.8682621917490705,1.238008986972978
2023-08-10,0.8768710839353212,1.245301181046155
2023-08-11,0.8615042781899485,1.2342173824951543
2023-08-14,0.8567636827441505,1.235565867508902
2023-08-15,0.8448452166230356,1.2250499741489913
2023-08-16,0.8419023386800648,1.222537194364892
2023-08-17,0.8311251713096498,1.2156670798781453
2023-08-18,0.8215367107465432,1.203874924275402
2023-08-21,0.8156587898950587,1.2015241904841942
2023-08-22,0.8184067132838639,1.203084305770636
2023-08-23,0.8273435830407142,1.211251728969035
2023-08-24,0.8244857485248429,1.2144075902888023
2023-08-25,0.8222766675661758,1.2160650792544454
2023-08-29,0.843244368565801,1.2395062241673676
2023-08-30,0.8456517308982684,1.2422668279353801
2023-08-31,0.8408801124644513,1.2411308235850969
2023-09-01,0.8379617141127322,1.2429205059022412
2023-09-04,0.8359371872166511,1.2411519296288283
2023-09-05,0.8301015470434664,1.239806117641063
2023-09-06,0.8265718460407486,1.2387947065061375
2023-09-07,0.8228838999825197,1.24272417684436
2023-09-08,0.8266778231853097,1.2471058184034145
2023-09-11,0.8309083406009062,1.2511531707396188
2023-09-12,0.8298372922339414,1.258187377229976
2023-09-13,0.8330496282334663,1.2600202223509689
2023-09-14,0.8479718169898441,1.280499685100778
2023-09-15,0.8515492215872218,1.2882740991231731
2023-09-18,0.8391156252549309,1.2741297609861637
2023-09-19,0.8328119201553948,1.2765382648241392
2023-09-20,0.8479128370029149,1.2844998155914449
2023-09-21,0.8427415944684468,1.278760127627581
2023-09-22,0.8416893748735902,1.2756287817997254
2023-09-25,0.8282020383601277,1.2671615614713818
2023-09-26,0.8288137184257228,1.266128907619704
2023-09-27,0.8192800562503125,1.2573483401480159
2023-09-28,0.8167811194306638,1.2594558040742052
2023-09-29,0.828480720224773,1.2617583531134287
2023-10-02,0.8164654527305062,1.2429421388547452
2023-10-03,0.8044630621361338,1.2334161451314216
2023-10-04,0.7997534839009794,1.224452759542398
2023-10-05,0.8042021076935619,1.2306785526948754
2023-10-06,0.8102214094584667,1.2391829237305179
2023-10-09,0.8038928189262758,1.2320408295634742
2023-10-10,0.8247258444741711,1.2561125475683959
2023-10-11,0.8234079096325322,1.2549130114502614
2023-10-12,0.8205398252568594,1.2570880106235789
2023-10-13,0.8032321073118835,1.2475505881073503
2023-10-16,0.8103010878462071,1.251625447847278
2023-10-17,0.8123090020690804,1.258087972522493
2023-10-18,0.7996393752069029,1.2458811318882907
2023-10-19,0.7811675095655299,1.2312842266178925
2023-10-20,0.7697002032897249,1.2166175302927018
2023-10-23,0.7702645254829014,1.2173937507199082
2023-10-24,0.7721346821747969,1.2158012712128763
2023-10-25,0.7665743503837686,1.2183316668644557
2023-10-26,0.7639286588057885,1.2116014858415785
2023-10-27,0.7662122262023939,1.2029244296636266
2023-10-30,0.7721414929634904,1.2126796800261084
2023-10-31,0.7762570992574266,1.2155058571165502
2023-11-01,0.7790726196014676,1.2248649096532125
2023-11-02,0.7970069270494262,1.2392817204954363
2023-11-03,0.8104269673863185,1.2376063544520235
2023-11-06,0.8021511271325005,1.2336191296101018
2023-11-07,0.8041537983183261,1.2389562529727884
2023-11-08,0.8025183254584888,1.2460763932331103
2023-11-09,0.8105142255550407,1.2579031949946238
2023-11-10,0.7974757043497027,1.25068251566443
2023-11-13,0.8030259561920076,1.2591149097071936
2023-11-14,0.8277931219777219,1.2617873030896611
2023-11-15,0.8339519444120079,1.2708395141172733
2023-11-16,0.8181836195646864,1.2608942713121738
2023-11-17,0.8306624648788237,1.2761190349408158
2023-11-20,0.8325342256570726,1.2791293928654912
2023-11-21,0.8242411817847665,1.2761832272459128
2023-11-22,0.8273577857129749,1.2806801708334097
2023-11-23,0.8225606164122296,1.2847191282195394
2023-11-24,0.8232974015875203,1.2852392457947042
2023-11-27,0.8222379898686737,1.2856637533939312
2023-11-28,0.8177798864275105,1.2862235457862292
2023-11-29,0.8187499861911856,1.2870755435208447
2023-11-30,0.8161809584983984,1.2881098677954563
2023-12-01,0.8297791332175947,1.300683343601884
2023-12-04,0.8263094302542904,1.298462105424474
2023-12-05,0.830859315723022,1.2990286108007791
2023-12-06,0.8450505444340521,1.3083997282709328
2023-12-07,0.8452407627907569,1.3072783297356592
2023-12-08,0.8426278038553664,1.3190152882099326
2023-12-11,0.844067523437763,1.3217924091632554
2023-12-12,0.8380280661642161,1.3246748317718355
2023-12-13,0.8384222874709369,1.3258541946819644
2023-12-14,0.8699446082331483,1.3377192319420856
2023-12-15,0.8662757509185398,1.3250738225982897
2023-12-18,0.8632601384431076,1.329880062643816
2023-12-19,0.8679891328663578,1.3361601523156192
2023-12-20,0.8798596882064252,1.3517392993104669
2023-12-21,0.8754198337693788,1.348518181399908
2023-12-22,0.871735248459491,1.3514735166377838
2023-12-27,0.8775891130043528,1.354962564371346
2023-12-28,0.8745784923465006,1.353289012161162
2023-12-29,0.8718571244711836,1.3538135641501914
2024-01-02,0.8628690700260423,1.3503707638753268
2024-01-03,0.848760294912621,1.342865975597612
2024-01-04,0.8444277680012823,1.352373669309822
2024-01-05,0.8406086614660904,1.3465095656662556
2024-01-08,0.8464677093000424,1.3573002567360088
2024-01-09,0.8410774819679588,1.3546268639362662
2024-01-10,0.8403047075016367,1.3506833164940977
2024-01-11,0.8324374014223905,1.3334147088213624
2024-01-12,0.8379810999425711,1.3445443029308544
2024-01-15,0.833565261514707,1.3410872326224454
2024-01-16,0.8288223613324177,1.3346678927943285
2024-01-17,0.8097577972401729,1.3204527116308307
2024-01-18,0.8146587309721385,1.3226387737116216
2024-01-19,0.812762495327593,1.3211869162140388
2024-01-22,0.8201474114039621,1.3329304231170296
2024-01-23,0.8192025340808549,1.3261573845944201
2024-01-24,0.8270835869044314,1.3367961912693838
2024-01-25,0.8242917291855513,1.3378319357009194
2024-01-26,0.8407348677236988,1.3460124308380312
2024-01-29,0.8347308671071838,1.3427785996345398
2024-01-30,0.8337542603761787,1.349637779806557
2024-01-31,0.8342864703417957,1.342628796850179
2024-02-01,0.8285518746411338,1.335426613770079
2024-02-02,0.8258238774459082,1.3364679292576191
2024-02-05,0.819836687619626,1.332017013188183
2024-02-06,0.8256044581190689,1.3422709329272384
2024-02-07,0.8172826346215725,1.3335111602579763
2024-02-08,0.8119518073890488,1.3310150512718377
2024-02-09,0.8054365536592797,1.33261570206089
2024-02-12,0.8115404222107498,1.338389251356688
2024-02-13,0.795728473726729,1.321456822129497
2024-02-14,0.8015844247925479,1.3335444138480284
2024-02-15,0.8117155043102662,1.342191428486478
2024-02-16,0.8206513597536164,1.3586914776659702
2024-02-19,0.8188305313213061,1.362551985178496
2024-02-20,0.8188137237700202,1.3657155463557242
2024-02-21,0.8169506740332775,1.36429968907583
2024-02-22,0.8169524945280194,1.3779263900889684
2024-02-23,0.8159329086461109,1.3813685965840115
2024-02-26,0.8100255008459264,1.3822611301014545
2024-02-27,0.8081382421629882,1.3782045227639836
2024-02-28,0.7937163507975988,1.3784287703285287
2024-02-29,0.7956469897393386,1.3824823969749902
2024-03-01,0.8027160039417357,1.3971072410435912
2024-03-04,0.7933505100118902,1.393386995577387
2024-03-05,0.7941228437308938,1.3978566501710432
2024-03-06,0.797597532820294,1.4079476912753295
2024-03-07,0.8075084887366183,1.4101547304150601
2024-03-08,0.8076289122576411,1.4071317101252292
2024-03-11,0.8075853979349787,1.4043684716607536
2024-03-12,0.8087038439795982,1.4211678256941351
2024-03-13,0.8084033632178454,1.4193333246715858
2024-03-14,0.8010946162948172,1.417249031083586
2024-03-15,0.7998120522448064,1.4159038398844677
2024-03-18,0.7956570829850644,1.4154619188654223
2024-03-19,0.7913590687160162,1.4157266266766755
2024-03-20,0.7950453066586883,1.4191444600202978
2024-03-21,0.8116259344836768,1.4494230651199347
2024-03-22,0.8134036707150386,1.4550726402687404
2024-03-25,0.8091035485894613,1.4523273173149847
2024-03-26,0.8144239253849547,1.4608539145800779
2024-03-27,0.8154024453098703,1.4648613746077834
2024-03-28,0.8206332086659477,1.4653949617787119
2024-04-02,0.8119535628343097,1.4556408668165877
2024-04-03,0.8106290164596448,1.4583927290318106
2024-04-04,0.8147910328816239,1.4612375084401674
2024-04-05,0.8004841514691807,1.4504711714491099
2024-04-08,0.807121161163788,1.4559064070826206
2024-04-09,0.8075712475822616,1.4436675265025565
2024-04-10,0.8030221573747413,1.4482047216850802
2024-04-11,0.8006997298400755,1.4420489332755533
2024-04-12,0.8025271273824032,1.4470048415413759
2024-04-15,0.8015794108747389,1.4470126999583806
2024-04-16,0.7866903226538925,1.419534952845601
2024-04-17,0.7890034070007981,1.4230455678615495
2024-04-18,0.7926043934872417,1.4300444616686367
2024-04-19,0.794893153050749,1.427506673676724
2024-04-22,0.8055751452659653,1.447417603801872
2024-04-23,0.8080368978833085,1.463253551653305
2024-04-24,0.8006010681455236,1.4611085587982902
2024-04-25,0.7956351567311645,1.4552432878529682
2024-04-26,0.8042078758323284,1.4692175401460614
2024-04-29,0.8092205374807302,1.4694524944989227
2024-04-30,0.802478874030002,1.4663394943556987
2024-05-01,0.8007506195794494,1.462089674041653
2024-05-02,0.8037699022142484,1.4630264428713173
2024-05-03,0.81583113757665,1.4692301841042807
2024-05-07,0.828585361658265,1.4880071324495887
2024-05-08,0.8302249253968959,1.5018712917059531
2024-05-09,0.8344623708985971,1.505763103305577
2024-05-10,0.8385258384427107,1.5129568584707853
2024-05-13,0.8357206907260769,1.5102915099495753
2024-05-14,0.8416983271638043,1.5128608454896844
2024-05-15,0.8513989095917561,1.5128083535451335
2024-05-16,0.8578165310121353,1.5116340543157016
2024-05-17,0.8520722793974246,1.507602021480223
2024-05-20,0.8505068638225002,1.512869194780715
2024-05-21,0.8446739156056677,1.508686078312384
2024-05-22,0.8379032897683025,1.5021407555606525
2024-05-23,0.8301594928390745,1.4990789209121271
2024-05-24,0.8318147348976449,1.4994737404152485
2024-05-28,0.8303001691108721,1.4916001421794096
2024-05-29,0.8186178411829326,1.4796077647463295
2024-05-30,0.8299750755277213,1.4864951911319024
2024-05-31,0.8300713090243202,1.4901493518275675
2024-06-03,0.8377026352862297,1.4945737126989163
2024-06-04,0.8356282403261184,1.4873564099140377
2024-06-05,0.8342435672799351,1.4874235851094053
2024-06-06,0.8374158060663858,1.4958566810862932
2024-06-07,0.8253163238462933,1.487685298218185
2024-06-10,0.8196689045429404,1.48378911732587
2024-06-11,0.8102250542312032,1.4691460699993224
2024-06-12,0.8228716564834726,1.489035511909603
2024-06-13,0.8134038226249188,1.4799100318623915
2024-06-14,0.8061723893352607,1.473370865891182
2024-06-17,0.8029836948602451,1.4745374454710205
2024-06-18,0.8096226823012794,1.4864034879826904
2024-06-19,0.8029422481928472,1.4909925954318533
2024-06-20,0.8139226789238485,1.50759964724735
2024-06-21,0.8093913413485148,1.4964432197454671
2024-06-24,0.8159412887132622,1.506036620989001
2024-06-25,0.8067307338285247,1.4928658878233887
2024-06-26,0.8035338437894064,1.4902978401787808
2024-06-27,0.8019352748428633,1.4877524540570348
2024-06-28,0.7991452448964544,1.4838020097003526
2024-07-01,0.799944264980517,1.4802386412998878
2024-07-02,0.7964167287022632,1.4697522416138682
2024-07-03,0.8081029023524173,1.4855455268830626
2024-07-04,0.8128153475444561,1.4950229392614776
2024-07-05,0.8170486181537905,1.495086020586594
2024-07-08,0.8141081890408751,1.5019759716868957
2024-07-09,0.808201507811558,1.4870640571225386
2024-07-10,0.8189001241180148,1.5015654675212018
2024-07-11,0.8282073281283089,1.510597728586825
2024-07-12,0.82962137541944,1.514569096160931
2024-07-15,0.8189516768051569,1.5057566793182022
2024-07-16,0.8152827933367552,1.5110592041928785
2024-07-17,0.8149869574200364,1.5039038569382766
2024-07-18,0.8196684154480907,1.500928301475261
2024-07-19,0.8085656639096709,1.4955703208384163
2024-07-22,0.8139508375238588,1.5017490889546965
2024-07-23,0.8081832779213799,1.505123609571724
2024-07-24,0.8058211352657609,1.497158138382146
2024-07-25,0.8070424570321671,1.4864102898431986
2024-07-26,0.8170025657545819,1.51147964997793
2024-07-29,0.8151399569517209,1.5131553015629744
2024-07-30,0.8162263885955138,1.52082795216195
2024-07-31,0.8239039568677391,1.5315435556600003
2024-08-01,0.8179913285482437,1.5130690741683717
2024-08-02,0.8031074830765078,1.474891222351315
2024-08-05,0.782736734435038,1.4423998001156606
2024-08-06,0.7832841486085609,1.4482586078008257
2024-08-07,0.7942410016873959,1.4698506175666926
2024-08-08,0.7882860477862526,1.4674645470537988
2024-08-09,0.7917880250410404,1.473438746180686
2024-08-12,0.7937810656650074,1.4840603612703938
2024-08-13,0.7969046745535767,1.488709951330491
2024-08-14,0.8054116092632421,1.50093462517161
2024-08-15,0.8107920310149388,1.520999486779953
2024-08-16,0.8074230189932222,1.5175603457857438
2024-08-19,0.8147744614205247,1.52482043778353
2024-08-20,0.8044523346031492,1.5110596414966966
2024-08-21,0.8082552322794999,1.5137031165394013
2024-08-22,0.8088397454305499,1.5179726942690543
2024-08-23,0.8174354870451326,1.5238115814679738
2024-08-27,0.8119109846618486,1.5260482922450826
2024-08-28,0.8073112772832017,1.5277563752049528
2024-08-29,0.8054767483845313,1.5381040792289007
2024-08-30,0.8092675883002183,1.5374568637334083
2024-09-02,0.8096924991765708,1.5340011205850477
2024-09-03,0.8038124725219967,1.5227242047777778
2024-09-04,0.7980351313516318,1.5169418040595983
2024-09-05,0.8039220974623096,1.5125463390423945
2024-09-06,0.797893921329822,1.4942937736722741
2024-09-09,0.8014980799526784,1.5143978510142835
2024-09-10,0.8011886562917188,1.5089097485135472
2024-09-11,0.7959851482269255,1.5062375589792663
2024-09-12,0.8035916305337569,1.520811872689225
2024-09-13,0.8120630288365402,1.5308786571369564
2024-09-16,0.8122565399086483,1.5315248559620256
2024-09-17,0.8221428765809184,1.5359189795331964
2024-09-18,0.8142493706566292,1.525532061063859
2024-09-19,0.8236575643170659,1.5463543618440498
2024-09-20,0.8090422672169661,1.5275672913282814
2024-09-23,0.8138378471087404,1.5329396682411922
2024-09-24,0.8176100925924163,1.5332468682757512
2024-09-25,0.8180931675529983,1.529874673538354
2024-09-26,0.8300324881385575,1.53313059317655
2024-09-27,0.83796793489138,1.5363061353185488
2024-09-30,0.8265519852957813,1.5160306296840027
2024-10-01,0.825405587411734,1.5126154501660007
2024-10-02,0.8186833555527853,1.5121313141705175
2024-10-03,0.8158343271331552,1.5102293909302642
2024-10-04,0.8174851569031876,1.5177014639472226
2024-10-07,0.8141438424405505,1.5163465997515684
2024-10-08,0.8020540905742054,1.5055532300029635
2024-10-09,0.8101567882507686,1.5206341448398766
2024-10-10,0.8038117856904923,1.520075497007854
2024-10-11,0.8059566828809607,1.5282713003078157
2024-10-14,0.8058064442159826,1.5377418782740524
2024-10-15,0.8036248302151485,1.5369870182438623
2024-10-16,0.8184947560601111,1.5507713634025515
2024-10-17,0.8229643753570589,1.5651989137557352
2024-10-18,0.8220036111232011,1.5634367915588439
2024-10-21,0.8123131036124551,1.5492413804127412
2024-10-22,0.8100287681960259,1.5479105997532698
2024-10-23,0.8068395468085416,1.5366388298621307
2024-10-24,0.8032183309109014,1.5353480278170608
2024-10-25,0.8016845681908195,1.5299567108227081
2024-10-28,0.804635502826036,1.537064297059414
2024-10-29,0.7955273032312724,1.5217518438875008
2024-10-30,0.7948103478983114,1.5212194629219231
2024-10-31,0.7748311551799796,1.5046893309122658
2024-11-01,0.7810458474904483,1.5219394633943397
2024-11-04,0.7813049858428348,1.5187698883176461
2024-11-05,0.7802271465071853,1.531253222334036
2024-11-06,0.7676392817527125,1.5502436328236022
2024-11-07,0.7726670396885094,1.5452767019216072
2024-11-08,0.7656979636151451,1.5360501870040153
2024-11-11,0.7688895847929113,1.555993086147091
2024-11-12,0.7577897942296344,1.5423627909457045
2024-11-13,0.7512624119085376,1.5424706149469876
2024-11-14,0.7621612459618199,1.547377538747546
2024-11-15,0.7646757682370174,1.5427736194233042
2024-11-18,0.765724079666484,1.550925869350532
2024-11-19,0.7669414416892513,1.545874196438307
2024-11-20,0.7617514902115823,1.543778057492155
2024-11-21,0.7598582062489939,1.564532041191031
2024-11-22,0.7716148648226935,1.5833938287338345
2024-11-25,0.7772873459736422,1.590956218242312
2024-11-26,0.7717554889492719,1.5867774055368555
2024-11-27,0.7751707545406368,1.5913478585513432
2024-11-28,0.7753422201015711,1.5976145459851563
2024-11-29,0.7757319728080023,1.5961239098258844
2024-12-02,0.7761927491937253,1.6047180152272125
2024-12-03,0.7754549339185942,1.6163324502698087
2024-12-04,0.7777080104272119,1.6195965513200643
2024-12-05,0.7779712193224494,1.6216203992935185
2024-12-06,0.7764128238385467,1.6150483033588896
2024-12-09,0.7806435365963972,1.613380985446314
2024-12-10,0.7756198173623705,1.601209611089343
2024-12-11,0.7748225472658464,1.6090963584534204
2024-12-12,0.773693624103481,1.609273154665953
2024-12-13,0.7716074234449948,1.6104158493217529
2024-12-16,0.7632492387875086,1.606516239917788
2024-12-17,0.7566962420927209,1.5909645940062278
2024-12-18,0.7563384744348471,1.5978658229774738
2024-12-19,0.7449974314445148,1.5762710011268186
2024-12-20,0.7446534930633977,1.5728043692080567
2024-12-23,0.7439960365897809,1.5743820664087909
2024-12-24,0.7475509920726245,1.583503607951046
2024-12-27,0.7460409401980972,1.5824698399285297
2024-12-30,0.7432598398265038,1.5786526426705945
2024-12-31,0.7516893995140626,1.5847630356837565
2025-01-02,0.753484262908782,1.6029070290449345
2025-01-03,0.7458986637031711,1.5961252712366214
2025-01-06,0.750643430467975,1.6000535750907812
2025-01-07,0.7466830266899185,1.5991534022558156
2025-01-08,0.7346206529479353,1.5942198862112775
2025-01-09,0.7384432767610571,1.5980784347757335
2025-01-10,0.7256992625154617,1.5817327835627903
2025-01-13,0.725258397615777,1.5740505156751188
2025-01-14,0.7235807686843371,1.5738465395626526
2025-01-15,0.7433521152871158,1.601334471760156
2025-01-16,0.7481187350177951,1.6201219381625576
2025-01-17,0.7604607547927774,1.6379190994904884
2025-01-20,0.7628033974614538,1.6424218646973954
2025-01-21,0.7656202939716562,1.6496755996593995
2025-01-22,0.7634087793621717,1.6559964418967297
2025-01-23,0.7632377514685802,1.660546036518313
2025-01-24,0.7640876530281424,1.6463761927872809
2025-01-27,0.7615449188940783,1.6385064306601622
2025-01-28,0.7701194850347547,1.6480432772049145
2025-01-29,0.7695793858522181,1.6613237159644243
2025-01-30,0.7798421922268467,1.6797760582032077
2025-01-31,0.7826932658644848,1.6898829376772113
2025-02-03,0.772154612376597,1.673735097410948
2025-02-04,0.7712139939645803,1.6747863370675005
2025-02-05,0.7745248947819379,1.686085173733635
2025-02-06,0.7819870869763894,1.7028691709266401
2025-02-07,0.7754167033850028,1.6971560806874573
2025-02-10,0.7820866214953542,1.7092023841114903
2025-02-11,0.7754954338693053,1.716105863148415
2025-02-12,0.7795799202771952,1.7198614915231463
2025-02-13,0.7858543423861548,1.7206153819873027
2025-02-14,0.7884522715726887,1.7176969196491465
2025-02-17,0.7879432789353045,1.7301132053163302
2025-02-18,0.7847064173527979,1.7269486876545963
2025-02-19,0.7712461812653528,1.7154952492401965
2025-02-20,0.769948139566102,1.7064545415681533
2025-02-21,0.7703560143260622,1.708331306857878
2025-02-24,0.7692154817839346,1.705426489519446
2025-02-25,0.7680715671224435,1.7064370642630018
2025-02-26,0.7757753562157881,1.7281171502585781
2025-02-27,0.767840096908586,1.7393880329655023
2025-02-28,0.7687647141351774,1.7505654969692401
2025-03-03,0.770397251354987,1.769369005132326
2025-03-04,0.7591942343217654,1.739484532928113
2025-03-05,0.7604194374983492,1.7515041325046175
2025-03-06,0.7616311840161303,1.7388683047885234
2025-03-07,0.7625191404481634,1.7264189754468473
2025-03-10,0.7604575528209557,1.6978843269931119
2025-03-11,0.7523072773769558,1.6821527193529335
2025-03-12,0.7479429333109189,1.6985360651071635
2025-03-13,0.7428139051569275,1.689746710079921
2025-03-14,0.7493706192059411,1.7128720594000717
2025-03-17,0.7547855319305584,1.7150670575830118
2025-03-18,0.7569585575074533,1.728534426681643
2025-03-19,0.7549033005859397,1.730530998258882
2025-03-20,0.7579689254862061,1.7223475897915193
2025-03-21,0.7495619654617445,1.7104401514773535
2025-03-24,0.7492230340575411,1.7166418006825306
2025-03-25,0.746942210630797,1.7273570883109826
2025-03-26,0.7476143194105065,1.7302494074941992
2025-03-27,0.7397954189763194,1.7272827059862979
2025-03-28,0.7423229792892673,1.717868342559953
2025-03-31,0.7317001535232449,1.698247616957566
2025-04-01,0.7356513093643773,1.714391421384894
2025-04-02,0.7327878338165423,1.7117199266967547
2025-04-03,0.722623305837709,1.685673010535437
2025-04-04,0.6883618685902048,1.5963029928037091
2025-04-07,0.6597585073342003,1.5333280890725538
2025-04-08,0.6745438555321024,1.5859637454167839
2025-04-09,0.6568519085903199,1.5516487487028676
2025-04-10,0.6822170081444046,1.6089764091462297
2025-04-11,0.6878032610826269,1.6168380660617865
2025-04-14,0.7035595088665781,1.6552983019010326
2025-04-15,0.7143589354313651,1.690037852858352
2025-04-16,0.7171039354328455,1.6842899157240965
2025-04-17,0.7209424924411985,1.681771026766161
2025-04-22,0.7228889453923417,1.6904318740132662
2025-04-23,0.7272880093967172,1.7087180836081328
2025-04-24,0.7273314451825895,1.7116331833750575
2025-04-25,0.7304973076926163,1.720403463411236
2025-04-28,0.7340326872219874,1.7193673225518682
2025-04-29,0.7379628390716557,1.7292388940351746
2025-04-30,0.738418405334915,1.7412988674838332
2025-05-01,0.7492816456375477,1.7488411508690311
2025-05-02,0.7532468630796427,1.7664522357064534
2025-05-06,0.7551292013523814,1.7726561563994419
2025-05-07,0.7522428114223854,1.7670808696149902
2025-05-08,0.7529567623072863,1.7687442785197212
2025-05-09,0.7566734674882796,1.7726730119257055
2025-05-12,0.7640959196166568,1.778675999257503
2025-05-13,0.7646048621477947,1.7875352058761682
2025-05-14,0.7681043743108007,1.7887631833802458
2025-05-15,0.7728274958894538,1.7929432985863791
2025-05-16,0.774494139038611,1.8026292953163796
2025-05-19,0.774260134346219,1.8115045253029054
2025-05-20,0.7821268826795559,1.8314252092394108
2025-05-21,0.7765582693240932,1.8369672505954755
2025-05-22,0.7661771641011921,1.8393983016742508
2025-05-23,0.7632982802301658,1.833607399102791
2025-05-27,0.7722384490202613,1.848842219817621
2025-05-28,0.7692991377134083,1.838838577597251
2025-05-29,0.7729536679728397,1.834215754662895
2025-05-30,0.7772232382396623,1.8423699999802927
2025-06-02,0.7781572902362226,1.8510622778291939
2025-06-03,0.7738349445595443,1.8597214627181806
2025-06-04,0.7774637811089089,1.866123430064193
2025-06-05,0.7787066173785121,1.8688094146085195
2025-06-06,0.7771050370710713,1.87232779589414
2025-06-09,0.7796260744661775,1.8729121859792495
2025-06-10,0.7879245827159691,1.8671670336471682
2025-06-11,0.7875620852662994,1.872541743671886
2025-06-12,0.7868686917250848,1.871070541047206
2025-06-13,0.7786057678317093,1.862820015053546
2025-06-16,0.7835552751136038,1.8742997821234673
2025-06-17,0.7800058878352158,1.8650954498761552
2025-06-18,0.7813963627948822,1.871784828282062
2025-06-19,0.7746032784367652,1.8563302430827422
2025-06-20,0.7744527433919455,1.8571151087494546
2025-06-23,0.7716046502377181,1.8520724780793225
2025-06-24,0.7787124846713598,1.8623865876509331
2025-06-25,0.7753368134213081,1.8668518943596681
2025-06-26,0.7868462114252176,1.878537388634555
2025-06-27,0.794581928033289,1.8910842511812633
2025-06-30,0.7896772684004794,1.8894776705738459
2025-07-01,0.7980238972764175,1.879642672529964
2025-07-02,0.7892301772003624,1.8615668563398517
2025-07-03,0.7952419880445379,1.8847039470787117
2025-07-04,0.790184943767202,1.8808901209816566
2025-07-07,0.7873793844824144,1.886071264790513
2025-07-08,0.7885241810016196,1.8893115375640621
2025-07-09,0.7888912665701954,1.8943022602142703
2025-07-10,0.7962257818880226,1.904046395088322
2025-07-11,0.7898375366611701,1.9038287331895796
2025-07-14,0.7922263632666408,1.9183876447130117
2025-07-15,0.7861132860206871,1.9060871870486187
2025-07-16,0.7825716334390276,1.9080790810895805
2025-07-17,0.7873714741747794,1.9264052093242054
2025-07-18,0.7942820885939452,1.9310794445746955
2025-07-21,0.8008375014275643,1.9379131186600893
2025-07-22,0.8026976110225648,1.930566811809368
2025-07-23,0.8041922048377858,1.9319050378287328
2025-07-24,0.8146966577970958,1.943924821096911
2025-07-25,0.8130788713808331,1.9413858559082344
2025-07-28,0.8067858734774921,1.9303365329142363
2025-07-29,0.7974970787723187,1.9462182846752596
2025-07-30,0.796976838114791,1.9459031914199743
2025-07-31,0.7978988465026076,1.9636423802345737
2025-08-01,0.7864503603523212,1.9477287872540734
2025-08-04,0.7910995515204868,1.965984389226911
2025-08-05,0.7986274868180506,1.962469968683135
2025-08-06,0.8014424106744668,1.967755224829467
2025-08-07,0.7968915316663444,1.9573831762290175
2025-08-08,0.7976480597132461,1.9544325974823662
2025-08-11,0.7960560952946107,1.9626159781628683
2025-08-12,0.7978388837969863,1.9687086639487303
2025-08-13,0.7988361188168853,1.961931701495196
2025-08-14,0.7976659306823204,1.9710143301618783
2025-08-15,0.7965917801159552,1.955405393282613
2025-08-18,0.7924215650394287,1.9629161903337227
2025-08-19,0.8000652585442821,1.959341296443657
2025-08-20,0.806295407488211,1.9689486307990616
2025-08-21,0.8024385039465547,1.9724790800053296
2025-08-22,0.8102684516706028,1.9808098201950892
2025-08-26,0.8016787670695582,1.974613860646955
2025-08-27,0.802286836376655,1.9694751219646847
2025-08-28,0.8012853080402517,1.960035215277673
2025-08-29,0.7958705512261293,1.9520333115267035
2025-09-01,0.7914157146320222,1.9586042853609167
2025-09-02,0.7735103574195837,1.9292229731438406
2025-09-03,0.7787301712328897,1.9414410532838915
2025-09-04,0.7804555967801472,1.9556118081491938
2025-09-05,0.7861418899424915,1.9594858496547019
2025-09-08,0.7878535527594728,1.9729662619463582
2025-09-09,0.7896223468764262,1.977607165958107
2025-09-10,0.7867085537149934,1.9733363471032432
2025-09-11,0.7891602609545181,1.9923358706674812
2025-09-12,0.7870493985226453,1.997108868001357
2025-09-15,0.7895750965496139,2.008250360392746
2025-09-16,0.785195972934473,1.9884512040771265
2025-09-17,0.7893413592090568,1.9951316994941395
2025-09-18,0.7933690207196232,2.0054181427797517
2025-09-19,0.791071415941909,2.001102109849867
2025-09-22,0.7900902150591121,2.00593433290564
2025-09-23,0.7970561326469763,2.0089336341415223
2025-09-24,0.8003236627619857,2.015399458101596
2025-09-25,0.7957871032974311,2.005733302893456
2025-09-26,0.8008663912170224,2.024096451927329
2025-09-29,0.8078203303349113,2.0295118423289265
2025-09-30,0.8127214790135879,2.0496601882462846
2025-10-01,0.8178795273372375,2.049083897489211
2025-10-02,0.8188508512673477,2.0474924632094598
2025-10-03,0.8253638932911345,2.059169874486231
2025-10-06,0.8217123112008495,2.055658628227622
2025-10-07,0.8188884692942882,2.053754308046292
2025-10-08,0.8199765597754944,2.070933154390269
2025-10-09,0.8198030504438415,2.065073120534284
2025-10-10,0.812468516013793,2.0469472432350067
2025-10-13,0.8211611483479375,2.054370312484111
2025-10-14,0.8195700038842159,2.051301712986908
2025-10-15,0.8225235215955516,2.0411030604122358
2025-10-16,0.8207659490240796,2.047108535544084
2025-10-17,0.8152691544248023,2.014355295132117
2025-10-20,0.8192341741406232,2.0287659901484267
2025-10-21,0.8240571326465025,2.033374549904027
2025-10-22,0.8387001693094911,2.0485653325884225
2025-10-23,0.8413440489154506,2.0638125261011324
2025-10-24,0.846673141975823,2.0820944172738516
2025-10-27,0.8452737426126347,2.0888270553088297
2025-10-28,0.843141507391179,2.1037214269162434
2025-10-29,0.8432177087551511,2.1101083172301602
2025-10-30,0.8365371041402634,2.1182285833943486
2025-10-31,0.8322421227556411,2.110759270167256
2025-11-03,0.8259673505222672,2.112034361578993
2025-11-04,0.8234228440161055,2.103512536457311
2025-11-05,0.8283795084399858,2.114617582752018
2025-11-06,0.821098743547987,2.099116942067377
2025-11-07,0.8180606554747373,2.0798690380825686
2025-11-10,0.8258214712399348,2.1082360956894397
2025-11-11,0.8351687761052082,2.11569136925059
2025-11-12,0.834419981840492,2.12082789337751
2025-11-13,0.830994775970209,2.0953415529548156
2025-11-14,0.8183873425089295,2.067940835046059
2025-11-17,0.8111073350082313,2.0559924561800873
2025-11-18,0.8013157654830113,2.0324072536468893
2025-11-19,0.7981628673769001,2.0221204540180246
2025-11-20,0.7948430442734148,2.03895446461438
2025-11-21,0.7960195205677835,2.0314854692217175
2025-11-24,0.7994722022918036,2.035271203825771
2025-11-25,0.8094473759347933,2.050364283418346
2025-11-26,0.8194960322819748,2.076289411723845
2025-11-27,0.8225267544384386,2.0820668063678935
2025-11-28,0.8192874962272473,2.0872025900110787
2025-12-01,0.8174229962832495,2.0780281356809263
2025-12-02,0.8168238879598377,2.0822718802940923
2025-12-03,0.8209218627146189,2.079320371808117
2025-12-04,0.8229275151893302,2.0942279135149007
2025-12-05,0.8221220297371784,2.0855575413201137
2025-12-08,0.8140707921363574,2.088561970816575
2025-12-09,0.8123149041318481,2.0895223958317732
2025-12-10,0.808956548531034,2.0884423250968736
2025-12-11,0.8141765387088676,2.0943021939327555
2025-12-12,0.8093197875810735,2.086920990600951
2025-12-15,0.8160549259130483,2.1136987217386296
2025-12-16,0.8177706736583398,2.10421682329897
2025-12-17,0.8254970280420196,2.113937198014032
2025-12-18,0.8338891755511517,2.134320525162667
2025-12-19,0.8334370378302182,2.148582844688006
2025-12-22,0.8304345127875594,2.1447022225939554
2025-12-23,0.8327027154117657,2.146478444661273
2025-12-24,0.8338407325016404,2.1410315706100356
2025-12-29,0.8360266454860923,2.1371179451246323
2025-12-30,0.8437103783850771,2.159958769148829
2025-12-31,0.8421323699425178,2.1553315623438016
